"","x"
"B",0.110351723579231
"B0",-0.208724941409235
"alpha[1]",-1.02616518064887
"alpha[2]",1.20933090832497
"alpha[3]",0.132601119745965
"alpha[4]",0.0751991327903158
"alpha[5]",-0.942588797107797
"alpha[6]",-0.0748922016316905
"alpha[7]",-1.40770845729657
"alpha[8]",1.500823423624
"alpha[9]",0.563704116316792
"alpha[10]",-0.202856765876767
"alpha[11]",-3.12019811007545
"alpha[12]",0.814951624968338
"alpha[13]",0.664819601370601
"alpha[14]",0.355122356853686
"alpha[15]",0.305557769795383
"alpha[16]",-0.0104444565041594
"alpha[17]",-0.301527054004077
"alpha[18]",0.179096263238057
"alpha[19]",0.0897159761195641
"alpha[20]",1.22100366430755
"alpha[21]",1.13047270312753
"alpha[22]",0.128152704395298
"alpha[23]",0.562913086600481
"alpha[24]",1.85235951608331
"alpha[25]",-0.117826300674606
"alpha[26]",-0.358000526933689
"alpha[27]",-1.07161894991797
"alpha[28]",-0.699623452664963
"alpha[29]",0.430814655029185
"alpha[30]",0.768316313415542
"alpha[31]",-1.01341549679724
"alpha[32]",0.346099181305994
"alpha[33]",-0.879527989223418
"alpha[34]",-1.47676165692189
"alpha[35]",0.737471841207292
"alpha[36]",-0.149592240147685
"alpha[37]",-0.301472708046451
"alpha[38]",-0.5633461317915
"alpha[39]",-0.0568477305525607
"alpha[40]",-1.2157637072064
"alpha[41]",0.695838882246864
"alpha[42]",-1.26626322546051
"alpha[43]",-0.351916807376832
"alpha[44]",1.08464284899841
"alpha[45]",0.618727957078729
"alpha[46]",-0.754908074209135
"alpha[47]",0.594143933374027
"alpha[48]",1.04133062843098
"alpha[49]",-0.572210290657977
"alpha[50]",0.0420880978603065
"alpha[51]",-0.423195092201202
"alpha[52]",-1.9185844538558
"alpha[53]",0.502439884334091
"alpha[54]",0.795125884828752
"alpha[55]",0.395827880785369
"alpha[56]",0.602518804969138
"alpha[57]",0.0630611625456334
"alpha[58]",0.0573342789065553
"alpha[59]",0.648543230399077
"alpha[60]",-0.916157171437528
"alpha[61]",-0.403704689350546
"alpha[62]",-0.0356844580269175
"alpha[63]",-1.21397947282201
"alpha[64]",1.12876664383432
"alpha[65]",-0.163684776815921
"alpha[66]",-2.55501603705482
"alpha[67]",2.06001827890133
"alpha[68]",0.667726336233515
"alpha[69]",0.173683416673554
"alpha[70]",0.855758869617916
"alpha[71]",-1.08372919250504
"alpha[72]",2.18875892703473
"alpha[73]",-0.977887074636582
"alpha[74]",-2.20433424253988
"alpha[75]",1.28313485055533
"alpha[76]",0.84007806773138
"alpha[77]",-1.7840575975716
"alpha[78]",-0.153878746673452
"alpha[79]",-0.441854745151106
"alpha[80]",0.814791974277127
"alpha[81]",-1.39405570055111
"alpha[82]",-0.978530032575757
"alpha[83]",0.481617902848813
"alpha[84]",-0.00146278372397931
"alpha[85]",-0.633771340295209
"alpha[86]",0.763252420500691
"alpha[87]",-0.786606171136196
"alpha[88]",0.622002065650785
"alpha[89]",1.76103855187947
"alpha[90]",0.0799132168078985
"alpha[91]",1.79107240153533
"alpha[92]",0.348389876849799
"alpha[93]",-0.469384192215041
"alpha[94]",-0.903107781947117
"alpha[95]",-0.547489015758204
"alpha[96]",-1.47924592012364
"alpha[97]",1.57988467760573
"alpha[98]",0.269572255564533
"alpha[99]",0.222012342065626
"alpha[100]",-2.03183512358037
"alpha[101]",-0.173753584204947
"alpha[102]",-0.223300988878615
"alpha[103]",-1.32939308422144
"alpha[104]",2.50839791011251
"alpha[105]",-0.986890850014851
"alpha[106]",-1.70127801816079
"alpha[107]",0.0254639751609491
"alpha[108]",-2.19470154329288
"alpha[109]",-1.64017941860825
"alpha[110]",0.536494033508739
"alpha[111]",0.780027734569259
"alpha[112]",-1.52228642735255
"alpha[113]",0.141359685012769
"alpha[114]",0.816245693169364
"alpha[115]",-1.81169999894018
"alpha[116]",1.53071124390004
"alpha[117]",-1.44127958527201
"alpha[118]",-1.1436631825461
"alpha[119]",0.018393052977983
"alpha[120]",-0.805196930116898
"alpha[121]",-0.912602652512164
"alpha[122]",0.265510335255108
"alpha[123]",-0.862629133738973
"alpha[124]",-0.790375647652137
"alpha[125]",-2.4204458457664
"alpha[126]",-2.95204031383714
"alpha[127]",-1.3701092115275
"alpha[128]",0.841574838615459
"alpha[129]",-0.630868164703611
"alpha[130]",0.190695405271109
"alpha[131]",0.358675715087485
"alpha[132]",0.796144443710617
"alpha[133]",0.127434209977246
"alpha[134]",-0.28188722939767
"alpha[135]",-0.287923199653157
"alpha[136]",0.136983281040089
"alpha[137]",0.400653839155145
"alpha[138]",-0.600646653321186
"alpha[139]",0.542334422711767
"alpha[140]",1.72430142159468
"alpha[141]",0.295547471860533
"alpha[142]",-0.118812636615816
"alpha[143]",0.401651312845025
"alpha[144]",-0.498870643866688
"alpha[145]",1.8143308738229
"alpha[146]",0.860043996487796
"alpha[147]",-0.0089859928110412
"alpha[148]",0.383764841493844
"alpha[149]",-1.21693007431198
"alpha[150]",-0.861598818166051
"alpha[151]",0.807864266313168
"alpha[152]",-0.516306623667365
"alpha[153]",0.840472303965922
"alpha[154]",-0.868154658791086
"alpha[155]",-1.83435638493337
"alpha[156]",-0.438679359665165
"alpha[157]",-0.161435331832804
"alpha[158]",-0.575951813838261
"alpha[159]",-1.01522865774193
"alpha[160]",0.425335668234125
"alpha[161]",0.318964215080566
"alpha[162]",-0.841389382808318
"alpha[163]",-0.279648629132906
"alpha[164]",0.239969045428216
"alpha[165]",-0.744032443000681
"alpha[166]",1.60873761666765
"alpha[167]",0.209111171199232
"alpha[168]",-0.730999633202357
"alpha[169]",0.086983991249451
"alpha[170]",-0.21210977615903
"alpha[171]",-2.37531102211147
"alpha[172]",-2.33285392929626
"alpha[173]",1.06739694717863
"alpha[174]",-1.75191927810203
"alpha[175]",0.539726794379621
"alpha[176]",-0.0976528237036623
"alpha[177]",-0.0558915708055164
"alpha[178]",0.160117479623857
"alpha[179]",2.29200710001242
"alpha[180]",0.512554419143474
"alpha[181]",-0.325063395113182
"alpha[182]",-0.585093425380068
"alpha[183]",0.480298447416766
"alpha[184]",-0.160465902076972
"alpha[185]",0.905465795741629
"alpha[186]",-0.197088231821588
"alpha[187]",-0.241027590319683
"alpha[188]",-1.33016842433091
"alpha[189]",0.365829170543886
"alpha[190]",1.52588629576089
"alpha[191]",0.808790884260464
"alpha[192]",0.488321021781764
"alpha[193]",-0.494603367324721
"alpha[194]",-1.21446519884928
"alpha[195]",-0.522838071607711
"alpha[196]",-0.692603712431385
"alpha[197]",0.0284027733673042
"alpha[198]",2.02783080554955
"alpha[199]",-0.671396202568785
"alpha[200]",0.763013009234072
"alpha[201]",0.218190287584251
"alpha[202]",-1.03855028395069
"alpha[203]",0.28336060266386
"alpha[204]",-0.01112528345257
"alpha[205]",1.22090866532293
"alpha[206]",-0.624654911684721
"alpha[207]",0.822276410649076
"alpha[208]",-1.01398857668905
"alpha[209]",0.0141772620215819
"alpha[210]",-0.630820274578048
"alpha[211]",-0.195054564339546
"alpha[212]",0.819868767074522
"alpha[213]",0.310311203207012
"alpha[214]",0.562041713156781
"alpha[215]",0.886672541413946
"alpha[216]",-1.26635156555931
"alpha[217]",-0.125736262356721
"alpha[218]",-1.53298457577024
"alpha[219]",0.856805297498336
"alpha[220]",1.2370206102383
"alpha[221]",2.00209532135441
"alpha[222]",2.49141011169719
"alpha[223]",0.782531194735235
"alpha[224]",1.16196685165068
"alpha[225]",0.708459031473258
"alpha[226]",0.371041182716888
"alpha[227]",0.658960914740871
"alpha[228]",0.836477095008814
"alpha[229]",1.93676894857856
"alpha[230]",-0.350186667596341
"alpha[231]",0.0183302210678656
"alpha[232]",0.0988330961204434
"alpha[233]",0.599605973111445
"alpha[234]",1.94492224812395
"alpha[235]",0.514094067413626
"alpha[236]",-0.609525328715806
"alpha[237]",-1.77138541814841
"alpha[238]",0.104927606858184
"alpha[239]",1.55931290416693
"alpha[240]",1.13953261440808
"alpha[241]",0.454907083423024
"alpha[242]",2.18989911657958
"alpha[243]",-0.697414381281059
"alpha[244]",-1.7145045724556
"alpha[245]",1.05331579691322
"alpha[246]",-1.53861854034376
"alpha[247]",-1.12285340046742
"alpha[248]",-0.479587432135943
"alpha[249]",0.118908604172597
"alpha[250]",0.801457010272644
"alpha[251]",-0.323950533550463
"alpha[252]",-0.46176922148987
"alpha[253]",1.6679436009986
"alpha[254]",-0.267797059322858
"alpha[255]",-0.4191635922625
"alpha[256]",-0.147624599280908
"alpha[257]",-1.05397494148677
"alpha[258]",-0.652900761828609
"alpha[259]",1.93038588641634
"alpha[260]",0.160097415130764
"alpha[261]",-1.43190159515517
"alpha[262]",0.588892531784847
"alpha[263]",-0.0927283947903991
"alpha[264]",0.174393138396662
"alpha[265]",0.417226152653813
"alpha[266]",1.30264772045725
"alpha[267]",-1.08985585404507
"alpha[268]",-0.105143237131896
"alpha[269]",0.500510105166926
"alpha[270]",0.366213753586312
"alpha[271]",-0.650219230613828
"alpha[272]",-1.09564954065466
"alpha[273]",-0.34427894588671
"alpha[274]",-0.575300969041161
"alpha[275]",0.607414706375503
"alpha[276]",-1.94232712558481
"alpha[277]",0.476574898280899
"alpha[278]",1.753634398799
"alpha[279]",-2.58876704348435
"alpha[280]",-0.112739032587437
"alpha[281]",-1.28863353271822
"alpha[282]",-0.90916889080304
"alpha[283]",-0.352328504745706
"alpha[284]",0.150985127712408
"alpha[285]",-0.548533160480813
"alpha[286]",-0.547327568773385
"alpha[287]",0.470182434497416
"alpha[288]",-0.00897077308909174
"alpha[289]",-0.921406827969856
"alpha[290]",-0.426247510837348
"alpha[291]",0.0505086983042419
"alpha[292]",-0.320432081021826
"alpha[293]",0.864184279101481
"alpha[294]",-0.577876934347973
"alpha[295]",-2.51011236058212
"alpha[296]",-1.23103511814517
"alpha[297]",0.0243659572798529
"alpha[298]",-1.70935333322056
"alpha[299]",2.06929504514526
"alpha[300]",1.10035120588366
"alpha[301]",0.207743787928646
"alpha[302]",-1.73778687776892
"alpha[303]",1.14594196480974
"alpha[304]",0.554886613233835
"alpha[305]",0.469033065283515
"alpha[306]",-1.74983095488216
"alpha[307]",-0.506096478935907
"alpha[308]",-0.718371224348663
"alpha[309]",0.467026761797833
"alpha[310]",-0.0299717934298174
"alpha[311]",1.21172452061194
"alpha[312]",-0.914254385516988
"alpha[313]",0.391649628472452
"alpha[314]",0.604479735137157
"alpha[315]",-2.04682406492377
"alpha[316]",-0.672685570304339
"alpha[317]",-0.309109514640744
"alpha[318]",-0.714647045702064
"alpha[319]",-0.394637280926694
"alpha[320]",0.757325048170125
"alpha[321]",2.15977152046943
"alpha[322]",0.0447112749083039
"alpha[323]",-0.155807400191493
"alpha[324]",0.350341070200726
"alpha[325]",0.146099826862677
"alpha[326]",1.19523829752517
"alpha[327]",-0.775024680563537
"alpha[328]",-0.235170966081628
"alpha[329]",1.11860236605858
"alpha[330]",2.35032979632215
"alpha[331]",2.19201481254935
"alpha[332]",-0.539938341263994
"alpha[333]",-0.375513520745758
"alpha[334]",0.293686137186292
"alpha[335]",-0.631945200981125
"alpha[336]",1.05307817770925
"alpha[337]",-0.961214150275238
"alpha[338]",0.234660539197247
"alpha[339]",-0.997219937673564
"alpha[340]",-1.07698816900185
"alpha[341]",-1.15329293535181
"alpha[342]",0.555166907328553
"alpha[343]",1.73878899431508
"alpha[344]",-0.284635913760281
"alpha[345]",0.131409566333753
"alpha[346]",0.831083211478728
"alpha[347]",-1.1323730425195
"alpha[348]",3.040108837539
"alpha[349]",1.02650406679741
"alpha[350]",-0.0204417762987223
"alpha[351]",0.22149331749296
"alpha[352]",-0.540559850754199
"alpha[353]",-2.52869906879047
"alpha[354]",0.436100444979771
"alpha[355]",-1.83667535877657
"alpha[356]",0.531869917317426
"alpha[357]",0.516325743469217
"alpha[358]",1.4462421081982
"alpha[359]",0.821545788479095
"alpha[360]",-0.438273093011144
"alpha[361]",0.431002694492458
"alpha[362]",0.166894327154254
"alpha[363]",1.14163049735537
"alpha[364]",0.609244782489374
"alpha[365]",0.489646388786351
"alpha[366]",-0.00652015184206688
"alpha[367]",-2.33286884032831
"alpha[368]",0.980312720689974
"alpha[369]",1.0428585627398
"alpha[370]",1.79280402302979
"alpha[371]",-0.434722875513841
"alpha[372]",0.52502677803989
"alpha[373]",-0.80285321750508
"alpha[374]",0.985966015912159
"alpha[375]",1.02676183513802
"alpha[376]",-0.461965698174484
"alpha[377]",-0.179909825606159
"alpha[378]",3.00170649700059
"alpha[379]",-0.397183431333223
"alpha[380]",0.179236213593138
"alpha[381]",0.899285092585195
"alpha[382]",0.971678100517196
"alpha[383]",0.0593274846464924
"alpha[384]",0.251185793110117
"alpha[385]",1.71507396543944
"alpha[386]",-1.10443839709359
"alpha[387]",-0.292293067369175
"alpha[388]",0.989361454548536
"alpha[389]",-0.138771512153856
"alpha[390]",-0.548684068279678
"alpha[391]",0.975185044182793
"alpha[392]",0.346938702637291
"alpha[393]",-0.143621881318275
"alpha[394]",0.978213081652729
"alpha[395]",0.205509471522817
"alpha[396]",0.718939129484042
"alpha[397]",-2.16982237530892
"alpha[398]",-0.518446942128029
"alpha[399]",1.24998897780169
"alpha[400]",-0.323124455573554
"alpha[401]",2.15977615243702
"alpha[402]",-1.60425380818028
"alpha[403]",0.421151406756279
"alpha[404]",1.32058438047043
"alpha[405]",0.419654907017152
"alpha[406]",-1.14950992087446
"alpha[407]",-0.431964238540992
"alpha[408]",-1.13105110570422
"alpha[409]",0.104692776568976
"alpha[410]",-0.701026749889762
"alpha[411]",-0.847352873040958
"alpha[412]",-1.40838733011986
"alpha[413]",-1.35861298087493
"alpha[414]",-0.426678824783205
"alpha[415]",-0.268609779286516
"alpha[416]",0.913033808119294
"alpha[417]",-0.813572108392465
"alpha[418]",-1.22976953415381
"alpha[419]",-0.708240248345722
"alpha[420]",2.2776285466637
"alpha[421]",0.324513924452474
"alpha[422]",-0.346248841561314
"alpha[423]",1.6012814169389
"alpha[424]",-0.517405470765276
"alpha[425]",0.181840790658229
"alpha[426]",-0.107912877936831
"alpha[427]",0.265894493009105
"alpha[428]",-0.979474719027707
"alpha[429]",2.05773410964432
"alpha[430]",0.289578511632709
"alpha[431]",-0.488846124379473
"alpha[432]",0.161833378481927
"alpha[433]",-0.210952029804049
"alpha[434]",2.02822945518124
"alpha[435]",-0.849175325453816
"alpha[436]",-0.13086074348423
"alpha[437]",0.669842589631664
"alpha[438]",1.79727360301843
"alpha[439]",0.0029796343456966
"alpha[440]",-1.20701414361049
"alpha[441]",-0.0289072079760949
"alpha[442]",0.286355115185812
"alpha[443]",0.331082459838603
"alpha[444]",2.26473567823033
"alpha[445]",0.839277128571307
"alpha[446]",-1.4033172381755
"alpha[447]",0.246689543715503
"alpha[448]",0.0606022446344051
"alpha[449]",0.652342862856499
"alpha[450]",-0.372809840407955
"alpha[451]",0.923380446178217
"alpha[452]",1.56053477257919
"alpha[453]",-1.3212772473813
"alpha[454]",-1.60740745220585
"alpha[455]",0.282179437905433
"alpha[456]",-0.0698444830520479
"alpha[457]",-0.127843177735481
"alpha[458]",-1.30537128315383
"alpha[459]",-0.755501498233092
"alpha[460]",0.591651281850085
"alpha[461]",0.961322036722245
"alpha[462]",-0.933104044218957
"alpha[463]",1.08109346334244
"alpha[464]",-0.871017866447206
"alpha[465]",-1.77262719135105
"alpha[466]",-0.88481526554298
"alpha[467]",0.307995110432811
"alpha[468]",-0.994554217032598
"alpha[469]",0.970322464251704
"alpha[470]",0.582082136080299
"alpha[471]",-3.26784364880291
"alpha[472]",-0.897197671119471
"alpha[473]",0.588759262289005
"alpha[474]",1.43113744060168
"alpha[475]",-0.881972633549007
"alpha[476]",0.39831976390037
"alpha[477]",-1.69356980912248
"alpha[478]",0.611473002769637
"alpha[479]",0.145072005953751
"alpha[480]",-0.47156559787717
"alpha[481]",-0.405167471965109
"alpha[482]",-1.17531469239105
"alpha[483]",-0.358014115417334
"alpha[484]",1.42080071802966
"alpha[485]",-2.04145165796033
"alpha[486]",-1.9717133288749
"alpha[487]",-0.582777519367297
"alpha[488]",0.551339643436453
"alpha[489]",-0.700568361631723
"alpha[490]",-0.251180821418485
"alpha[491]",1.39096694296856
"alpha[492]",0.139187031709572
"alpha[493]",1.79199121465182
"alpha[494]",-0.481287464933388
"alpha[495]",-1.06303274204991
"alpha[496]",-0.180684125584132
"alpha[497]",0.582301026753556
"alpha[498]",-0.982862387787058
"alpha[499]",-0.832565738115175
"alpha[500]",-0.0774051254023689
"alpha[501]",-0.911088777486489
"alpha[502]",0.836619500126555
"alpha[503]",-1.41391822176382
"alpha[504]",-0.369556965646473
"alpha[505]",0.512861431312656
"alpha[506]",-0.705749148315324
"alpha[507]",0.247900880154041
"alpha[508]",1.39961987664468
"alpha[509]",0.483198766995455
"alpha[510]",0.350593957240155
"alpha[511]",-0.728228239217129
"alpha[512]",-0.990419834431505
"alpha[513]",0.677553367377632
"alpha[514]",0.205185517993366
"alpha[515]",-0.556641412247048
"alpha[516]",-0.371977397189721
"alpha[517]",-0.437144296428635
"alpha[518]",-1.09519247505172
"alpha[519]",1.04642682810668
"alpha[520]",0.235114695558156
"alpha[521]",0.314543371608129
"alpha[522]",1.9140660076617
"alpha[523]",-1.00539289308929
"alpha[524]",-0.5349171125655
"alpha[525]",0.923113302730852
"alpha[526]",1.9508934662265
"alpha[527]",0.0040582480321542
"alpha[528]",1.26653665038997
"alpha[529]",-1.09164237781332
"alpha[530]",0.805306079888134
"alpha[531]",1.97633658401458
"alpha[532]",-0.28042913189003
"alpha[533]",1.48871225736195
"alpha[534]",-0.850920281933164
"alpha[535]",-1.86339589624052
"alpha[536]",0.413197446663065
"alpha[537]",-1.55085992036867
"alpha[538]",-1.09794517276405
"alpha[539]",-0.480719839339801
"alpha[540]",0.384183075223226
"alpha[541]",-0.791423382886687
"alpha[542]",-0.867420098963588
"alpha[543]",-0.232876876995772
"alpha[544]",0.293409669186463
"alpha[545]",0.8093722913112
"alpha[546]",0.373339212123331
"alpha[547]",0.693777889791918
"alpha[548]",-0.558737905157436
"alpha[549]",-0.435846403345327
"alpha[550]",1.05739712909248
"alpha[551]",-1.23142548244876
"alpha[552]",0.088913434327708
"alpha[553]",-1.21789421883928
"alpha[554]",-0.723440925464971
"alpha[555]",-0.126458877153455
"alpha[556]",-0.960975907394629
"alpha[557]",-1.37703947415097
"alpha[558]",-0.10618420951367
"alpha[559]",1.47633301879318
"alpha[560]",0.812992999589087
"alpha[561]",-1.19276025787338
"alpha[562]",-0.39442836785679
"alpha[563]",-0.190374436091355
"alpha[564]",-0.62953835293611
"alpha[565]",-0.38057144537537
"alpha[566]",0.63842561999483
"alpha[567]",-1.60948784741824
"alpha[568]",-1.18110240993999
"alpha[569]",1.05954204865878
"alpha[570]",-0.476814740568778
"alpha[571]",-0.263610152660727
"alpha[572]",1.56803359821363
"alpha[573]",-0.644836918741211
"alpha[574]",0.768154918925662
"alpha[575]",-1.27348645776686
"alpha[576]",-0.304695439145962
"alpha[577]",0.375907137404301
"alpha[578]",-0.301045916204302
"alpha[579]",-2.25795601332009
"alpha[580]",0.510740365227845
"alpha[581]",1.02632080585016
"alpha[582]",-0.21353318652439
"alpha[583]",-0.9898250866599
"alpha[584]",-1.09043646572772
"alpha[585]",1.38139167416216
"alpha[586]",-0.323850842507148
"alpha[587]",1.07389433597804
"alpha[588]",-1.14828104195469
"alpha[589]",0.181397302950797
"alpha[590]",-0.825044921795348
"alpha[591]",-0.838048034184883
"alpha[592]",-1.22992554681382
"alpha[593]",-0.591518885120296
"alpha[594]",-0.402650379184657
"alpha[595]",0.815592718986456
"alpha[596]",-0.457250625314201
"alpha[597]",0.369835520269355
"alpha[598]",0.500528311407495
"alpha[599]",-0.699297996788247
"alpha[600]",1.39712322416459
"alpha[601]",0.418105459901389
"alpha[602]",0.229571708121464
"alpha[603]",0.106301018001826
"alpha[604]",1.7909715107899
"alpha[605]",1.7461391434868
"alpha[606]",-1.10883898559672
"alpha[607]",-0.986130833885695
"alpha[608]",0.814446858436653
"alpha[609]",1.47394530250106
"alpha[610]",1.87808641146806
"alpha[611]",0.153305037420288
"alpha[612]",1.11169959817509
"alpha[613]",0.0448507653075974
"alpha[614]",0.810709502019122
"alpha[615]",0.403866093633092
"alpha[616]",0.355096998586703
"alpha[617]",1.07182559276744
"alpha[618]",-1.06680701760293
"alpha[619]",0.0587409393014089
"alpha[620]",-0.792847058925805
"alpha[621]",-0.874088400965838
"alpha[622]",-0.191536047024782
"alpha[623]",0.508733183873492
"alpha[624]",0.149622270039011
"alpha[625]",0.536323768704077
"alpha[626]",1.57505152707672
"alpha[627]",-0.379998643197194
"alpha[628]",0.499105787566383
"alpha[629]",0.757267974898947
"alpha[630]",-0.518767497105833
"alpha[631]",-1.58869074445182
"alpha[632]",0.268646195079341
"alpha[633]",-0.344699753001095
"alpha[634]",-0.50982213761965
"alpha[635]",-0.0716295326152169
"alpha[636]",-0.559547861442416
"alpha[637]",-1.01584237211423
"alpha[638]",1.33213100037077
"alpha[639]",-0.652398881443352
"alpha[640]",-1.20276951462898
"alpha[641]",1.38252555286757
"alpha[642]",0.304413207144849
"alpha[643]",0.495610058113212
"alpha[644]",1.08940632258078
"alpha[645]",-1.57642896273283
"alpha[646]",-0.525225232928349
"alpha[647]",0.366912548454315
"alpha[648]",0.862455442932528
"alpha[649]",0.515774927920515
"alpha[650]",-1.28596778471499
"alpha[651]",1.14390878590842
"alpha[652]",1.31052361772423
"alpha[653]",-0.507862252695564
"alpha[654]",1.42368082851188
"alpha[655]",0.327205036466764
"alpha[656]",1.55956757808382
"alpha[657]",-0.0392343554136248
"alpha[658]",-1.4096861423046
"alpha[659]",-0.459371905284708
"alpha[660]",1.49103340265881
"alpha[661]",0.0563757741792495
"alpha[662]",0.231072522421472
"alpha[663]",0.706383441275485
"alpha[664]",-1.91631234749575
"alpha[665]",0.469887958564155
"alpha[666]",0.520101812352818
"alpha[667]",1.65982671520153
"alpha[668]",-0.957273996038452
"alpha[669]",0.497871666871848
"alpha[670]",-0.901937004788941
"alpha[671]",-0.649814088273088
"alpha[672]",0.976591868876286
"alpha[673]",0.178187339982103
"alpha[674]",0.453932855625467
"alpha[675]",-0.866381839904133
"alpha[676]",-1.73021070566725
"alpha[677]",1.4371804773661
"alpha[678]",0.448244133339458
"alpha[679]",-1.2293293350195
"alpha[680]",1.22316387543898
"alpha[681]",-0.479934106230056
"alpha[682]",-0.66978870065749
"alpha[683]",-0.154832644083976
"alpha[684]",1.93659869346123
"alpha[685]",1.60199814267877
"alpha[686]",0.993341392021232
"alpha[687]",2.02038601374782
"alpha[688]",-0.740740445389513
"alpha[689]",-1.52336619789802
"alpha[690]",0.164761616658854
"alpha[691]",-2.58077038907568
"alpha[692]",0.533850516707795
"alpha[693]",0.880729964878241
"alpha[694]",0.521370196076189
"alpha[695]",-2.09786432416773
"alpha[696]",0.582930171443967
"alpha[697]",0.231863007369828
"alpha[698]",-0.992250367783499
"alpha[699]",-0.322197166659723
"alpha[700]",0.361248375036195
"alpha[701]",0.722457460697404
"alpha[702]",0.541353637586089
"alpha[703]",0.859701742981015
"alpha[704]",0.25858377615709
"alpha[705]",-0.30818125051336
"alpha[706]",0.680173893170047
"alpha[707]",0.775105048691946
"alpha[708]",-2.84144651541536
"alpha[709]",0.414030179033585
"alpha[710]",-1.34074758011
"alpha[711]",0.42440089956809
"alpha[712]",-0.181489621387669
"alpha[713]",-1.237630428956
"alpha[714]",1.39602214998548
"alpha[715]",-0.649077069048559
"alpha[716]",-1.544887701665
"alpha[717]",-1.66794987896042
"alpha[718]",-0.819262041345988
"alpha[719]",0.269374569539211
"alpha[720]",-0.359609809730363
"alpha[721]",0.0762565631012528
"alpha[722]",0.89808702741767
"alpha[723]",-1.91484800853583
"alpha[724]",-0.776216034323979
"alpha[725]",0.0334632032217667
"alpha[726]",1.27892673278048
"alpha[727]",-0.445648741415253
"alpha[728]",-1.71773372640383
"alpha[729]",-0.13429934165421
"alpha[730]",-1.0213545739548
"alpha[731]",-0.743050341245272
"alpha[732]",1.15416769626797
"alpha[733]",0.773050924745855
"alpha[734]",-1.2245312205898
"alpha[735]",0.505720809942209
"alpha[736]",-1.78077360621791
"alpha[737]",-0.748659101622563
"alpha[738]",-0.786238683068698
"alpha[739]",-1.05895704257787
"alpha[740]",-0.790196003068278
"alpha[741]",0.854172701444148
"alpha[742]",0.204319249930037
"alpha[743]",-1.19134046165996
"alpha[744]",-0.335275196703369
"alpha[745]",-0.115267684360045
"alpha[746]",-0.248106818778533
"alpha[747]",0.753243734364335
"alpha[748]",0.0207527028404193
"alpha[749]",-0.984086657605818
"alpha[750]",-0.141031198740987
"alpha[751]",0.897878321476819
"alpha[752]",1.1114601165302
"alpha[753]",0.499376979972383
"alpha[754]",-0.530433351187051
"alpha[755]",-1.34640409500792
"alpha[756]",1.07593751082646
"alpha[757]",0.13844967605118
"alpha[758]",0.217473951158979
"alpha[759]",1.38656762381104
"alpha[760]",1.48791051494113
"alpha[761]",-1.09183032949725
"alpha[762]",0.454639056354945
"alpha[763]",-0.984251009178587
"alpha[764]",0.402088945617731
"alpha[765]",2.01863538468155
"alpha[766]",-0.535359138621947
"alpha[767]",0.178727885245492
"alpha[768]",0.0465832533157002
"alpha[769]",-1.02969958137053
"alpha[770]",-1.65128894966298
"alpha[771]",0.469863116478293
"alpha[772]",0.8228606324809
"alpha[773]",0.273874086239167
"alpha[774]",0.0830670022266665
"alpha[775]",-0.376093462250909
"alpha[776]",-0.0258242109933544
"alpha[777]",1.10904203672884
"alpha[778]",-1.50269332648502
"alpha[779]",-1.07375053740966
"alpha[780]",0.279390563337668
"alpha[781]",1.2243424136726
"alpha[782]",-0.156060506516841
"alpha[783]",-0.834550013125839
"alpha[784]",0.108085499556834
"alpha[785]",0.622823463387197
"alpha[786]",-0.512778504864763
"alpha[787]",0.242100439542645
"alpha[788]",-0.349531362900437
"alpha[789]",-0.875522693126372
"alpha[790]",2.00149546492787
"alpha[791]",-0.931555556262831
"alpha[792]",-1.35977745193497
"alpha[793]",1.3117907562132
"alpha[794]",1.09743939417568
"alpha[795]",0.755919315486072
"alpha[796]",0.405660845205028
"alpha[797]",1.89719936731559
"alpha[798]",-2.11265549031988
"alpha[799]",0.935976288038931
"alpha[800]",1.09156003394476
"alpha[801]",-0.604349429310145
"alpha[802]",0.593830679532769
"alpha[803]",0.38067012249235
"alpha[804]",0.862299308691454
"alpha[805]",0.998613715435913
"alpha[806]",0.526403497459325
"alpha[807]",-1.22406031040607
"alpha[808]",2.78349550076229
"alpha[809]",-1.72206116048547
"alpha[810]",-1.56385223047518
"alpha[811]",-0.348870997286056
"alpha[812]",-0.506752539303178
"alpha[813]",-1.51947441029591
"alpha[814]",0.321596741017137
"alpha[815]",-1.43158988190655
"alpha[816]",0.161405462877193
"alpha[817]",-0.338774599889132
"alpha[818]",-0.403101985337768
"alpha[819]",-0.184063258775369
"alpha[820]",-0.383422920110425
"alpha[821]",-0.450475322436572
"alpha[822]",1.02503685319882
"alpha[823]",-0.779120680933116
"alpha[824]",-1.81065859805401
"alpha[825]",1.1852855676764
"alpha[826]",0.74846428556723
"alpha[827]",-0.743815575525397
"alpha[828]",0.543835353483903
"alpha[829]",1.79715737624838
"alpha[830]",1.51606122123857
"alpha[831]",0.262731831084885
"alpha[832]",0.0666882765668817
"alpha[833]",-1.53708960030569
"alpha[834]",-0.142360837010138
"alpha[835]",-0.392356569179961
"alpha[836]",-1.22923687669876
"alpha[837]",-0.483477370640648
"alpha[838]",0.347728517596666
"alpha[839]",1.0355220667793
"alpha[840]",2.42748142406328
"alpha[841]",-0.561890358761432
"alpha[842]",-0.739700045520215
"alpha[843]",1.13754670032164
"alpha[844]",0.968805921196783
"alpha[845]",-1.08526803775515
"alpha[846]",-0.174136769788336
"alpha[847]",-0.519470250117207
"alpha[848]",-0.349473104390471
"alpha[849]",-1.33325677424047
"alpha[850]",-0.373615730436188
"alpha[851]",1.72528701605654
"alpha[852]",0.984923696370445
"alpha[853]",1.24508454992981
"alpha[854]",-0.639588249329548
"alpha[855]",-0.580409436872217
"alpha[856]",-0.123314232095558
"alpha[857]",0.153929446802268
"alpha[858]",-1.78621935544211
"alpha[859]",-0.0749403085127443
"alpha[860]",0.690728928400324
"alpha[861]",0.157060430450062
"alpha[862]",-0.858209064720864
"alpha[863]",0.342478372631682
"alpha[864]",0.837542179395012
"alpha[865]",0.740049980794045
"alpha[866]",0.612052823638641
"alpha[867]",1.15447368706101
"alpha[868]",0.0634301755805454
"alpha[869]",-0.0985929439683495
"alpha[870]",-1.94654928461427
"alpha[871]",-0.337312683330037
"alpha[872]",2.23097565998482
"alpha[873]",-0.33797852519153
"alpha[874]",-0.272667177452088
"alpha[875]",-1.80678890625667
"alpha[876]",-0.647375375833006
"alpha[877]",-1.30222728346801
"alpha[878]",0.649888005713457
"alpha[879]",-1.96588394794099
"alpha[880]",1.20134085651091
"alpha[881]",-0.48748015631335
"alpha[882]",0.242926477141277
"alpha[883]",-0.400188416036509
"alpha[884]",-0.810488591501869
"alpha[885]",-1.13243458773367
"alpha[886]",-1.27245110501663
"alpha[887]",-0.0809469987252116
"alpha[888]",-1.74518264874954
"alpha[889]",0.910193091508352
"alpha[890]",-0.194967572078483
"alpha[891]",0.954593416169988
"alpha[892]",0.0572967120767868
"alpha[893]",0.121120938007559
"alpha[894]",-0.0598000330782223
"alpha[895]",0.524871745789299
"alpha[896]",-0.51742868766898
"alpha[897]",-1.19867669340137
"alpha[898]",-1.26590182779614
"alpha[899]",-1.31237543668326
"alpha[900]",0.198944118924711
"alpha[901]",0.139450463029173
"alpha[902]",0.277796173440851
"alpha[903]",0.30793671604118
"alpha[904]",0.609431770515359
"alpha[905]",-1.21620994788111
"alpha[906]",1.02430273527787
"alpha[907]",-0.867823595510746
"alpha[908]",0.129859125548303
"alpha[909]",-0.986573222785667
"alpha[910]",0.529878080017559
"alpha[911]",0.646938832031487
"alpha[912]",-0.350351401942045
"alpha[913]",-0.497309188812916
"alpha[914]",0.933915992902374
"alpha[915]",0.0310600206084367
"alpha[916]",-1.08197127758391
"alpha[917]",-0.680110877832906
"alpha[918]",0.669548032304359
"alpha[919]",1.98458339239751
"alpha[920]",-1.0574324443648
"alpha[921]",1.12025547604231
"alpha[922]",-0.0877993717265024
"alpha[923]",-0.686285541400371
"alpha[924]",0.888913271617019
"alpha[925]",-0.072915643519408
"alpha[926]",0.933618153412764
"alpha[927]",0.851987105467941
"alpha[928]",-1.00184021080797
"alpha[929]",-0.606567053006374
"alpha[930]",1.14886313980142
"alpha[931]",-1.38591147080622
"alpha[932]",-0.0910932124254418
"alpha[933]",-0.827008394253425
"alpha[934]",2.24701919973634
"alpha[935]",-0.409837311319889
"alpha[936]",0.998554014830646
"alpha[937]",-1.28285441038428
"alpha[938]",-1.24961818563679
"alpha[939]",-0.419109689091878
"alpha[940]",1.18009342116743
"alpha[941]",-0.47058902654793
"alpha[942]",1.73959679815812
"alpha[943]",-0.317458772718011
"alpha[944]",0.992189720728134
"alpha[945]",-0.330352278293065
"alpha[946]",0.0599923262098182
"alpha[947]",-1.32882868179866
"alpha[948]",-0.624084891055441
"alpha[949]",-0.617134903066669
"alpha[950]",-0.700368249522425
"alpha[951]",-1.35822323758575
"alpha[952]",1.59495019708876
"alpha[953]",-1.34468602036053
"alpha[954]",1.25610184857573
"alpha[955]",-2.02911811139308
"alpha[956]",1.1111479517558
"alpha[957]",0.187213014640646
"alpha[958]",0.293270700264578
"alpha[959]",-1.94412241865165
"alpha[960]",-0.0888465340767497
"alpha[961]",0.602830511332415
"alpha[962]",-0.575809869316979
"alpha[963]",1.93260208634827
"alpha[964]",-0.735042919613566
"alpha[965]",0.141052382795538
"alpha[966]",0.521762617484425
"alpha[967]",0.236076026196225
"alpha[968]",-0.880269676296813
"alpha[969]",0.161666115079533
"alpha[970]",0.145082223216493
"alpha[971]",0.0990193593508511
"alpha[972]",-0.658293334905933
"alpha[973]",1.51478063257762
"alpha[974]",-1.62318585419676
"alpha[975]",0.750660261204229
"alpha[976]",0.00264959471177409
"alpha[977]",0.317520925122231
"alpha[978]",0.44783700658419
"alpha[979]",-0.314933651885153
"alpha[980]",0.433905274250024
"alpha[981]",0.656596220306553
"alpha[982]",-0.705698290680579
"alpha[983]",0.685776305739617
"alpha[984]",-1.03146213556836
"alpha[985]",0.445939421362324
"alpha[986]",-0.784048363594457
"alpha[987]",-1.35236788370132
"alpha[988]",-0.655685980905843
"alpha[989]",0.626154187074633
"alpha[990]",-0.514211336143933
"alpha[991]",1.11478229079016
"alpha[992]",-0.344076304310749
"alpha[993]",1.18062704825382
"alpha[994]",-0.0896997271594988
"alpha[995]",1.63321135225624
"alpha[996]",0.0366524394773467
"alpha[997]",-0.482459405012388
"alpha[998]",-3.27342672929914
"alpha[999]",-0.285142097457375
"alpha[1000]",-1.92900815243885
"alpha[1001]",-0.101797299286586
"alpha[1002]",-0.498893385795806
"alpha[1003]",-3.48912789085295
"alpha[1004]",0.449241942155672
"alpha[1005]",-0.513920918917213
"alpha[1006]",-1.26767093729524
"alpha[1007]",-0.239377758851283
"alpha[1008]",1.68125984607929
"alpha[1009]",-1.9350879251648
"alpha[1010]",-1.08067987117832
"alpha[1011]",-0.664447577398521
"alpha[1012]",0.832281596505243
"alpha[1013]",0.475589118273836
"alpha[1014]",-0.576572622876438
"alpha[1015]",0.905692997280626
"alpha[1016]",0.787323599188509
"alpha[1017]",0.723851937243827
"alpha[1018]",-0.198295113711514
"alpha[1019]",-0.579058750550983
"alpha[1020]",0.408915363003398
"alpha[1021]",-0.323931297303389
"alpha[1022]",-0.30213187253348
"alpha[1023]",0.49711219287932
"alpha[1024]",-0.136015383620842
"alpha[1025]",-0.0255272412738364
"alpha[1026]",-1.87212487971635
"alpha[1027]",-0.853972483202886
"alpha[1028]",-0.106594670709153
"alpha[1029]",1.21727113862782
"alpha[1030]",-0.164499086831682
"alpha[1031]",-0.571509234707607
"alpha[1032]",-1.08381930923997
"alpha[1033]",-1.03947529790488
"alpha[1034]",0.938859666384638
"alpha[1035]",-0.611801642402306
"alpha[1036]",0.696086723424542
"alpha[1037]",0.799894120720558
"alpha[1038]",1.60994528989485
"alpha[1039]",-0.71607597093871
"alpha[1040]",-0.0990257645290608
"alpha[1041]",0.320740526639129
"alpha[1042]",-0.350276405791973
"alpha[1043]",1.20865893388433
"alpha[1044]",-0.23556740730988
"alpha[1045]",-0.047827752129446
"alpha[1046]",0.647369020929872
"alpha[1047]",0.875825029210631
"alpha[1048]",2.32255684538426
"alpha[1049]",0.732853606719596
"alpha[1050]",0.380822219442747
"alpha[1051]",1.36342904620928
"alpha[1052]",0.61395959336888
"alpha[1053]",-1.13840428537631
"alpha[1054]",1.09555004600422
"alpha[1055]",-1.70046558350521
"alpha[1056]",1.4574023582771
"alpha[1057]",-0.782714680792511
"alpha[1058]",1.33033831405668
"alpha[1059]",0.791976432142597
"alpha[1060]",0.268714445567639
"alpha[1061]",-0.391195006030179
"alpha[1062]",0.119845493895123
"alpha[1063]",0.466561408197247
"alpha[1064]",-0.517498038328692
"alpha[1065]",-0.620571303608553
"alpha[1066]",2.03621821346728
"alpha[1067]",0.179394618185372
"alpha[1068]",-0.820271463173946
"alpha[1069]",-0.374154408832883
"alpha[1070]",-0.756572725565392
"alpha[1071]",-0.317822940122754
"alpha[1072]",-0.457863271206274
"alpha[1073]",-1.40108655479398
"alpha[1074]",-0.788057335287752
"alpha[1075]",-0.911380942467311
"alpha[1076]",-2.46798615146222
"alpha[1077]",0.66214317058734
"alpha[1078]",0.57595536655698
"alpha[1079]",0.12928573340648
"alpha[1080]",1.03906217024055
"alpha[1081]",0.575178695947348
"alpha[1082]",0.438147936498758
"alpha[1083]",-2.00965271221254
"alpha[1084]",-0.668582024746546
"alpha[1085]",-0.800579573852643
"alpha[1086]",-0.603053111200052
"alpha[1087]",0.427460201439994
"alpha[1088]",0.166701875144822
"alpha[1089]",0.0530722796843893
"alpha[1090]",-2.48952201325045
"alpha[1091]",1.1832146964765
"alpha[1092]",-1.51063350795689
"alpha[1093]",1.16277219040672
"alpha[1094]",-0.553814471813342
"alpha[1095]",-0.358470789435571
"alpha[1096]",0.96861937107329
"alpha[1097]",0.861774903428936
"alpha[1098]",-1.44945955642508
"alpha[1099]",-0.294327891871121
"alpha[1100]",2.21903913728503
"alpha[1101]",-0.845318398627944
"alpha[1102]",0.706697495788629
"alpha[1103]",-1.3167017835539
"alpha[1104]",-1.00322398472413
"alpha[1105]",-0.0850118691009498
"alpha[1106]",-0.01572052029834
"alpha[1107]",2.57643425153416
"alpha[1108]",-0.730480946815977
"alpha[1109]",0.773137223758849
"alpha[1110]",-0.733118931256193
"alpha[1111]",-0.104114722172739
"alpha[1112]",0.403882144975113
"alpha[1113]",0.179013048771848
"alpha[1114]",-0.142025498640177
"alpha[1115]",0.603261333127848
"alpha[1116]",-1.13220168874751
"alpha[1117]",0.358754382694053
"alpha[1118]",-0.732080764254911
"alpha[1119]",-1.38860437789391
"alpha[1120]",0.104853880095756
"alpha[1121]",-0.53564813638876
"alpha[1122]",0.127184134501164
"alpha[1123]",-0.326732202914015
"alpha[1124]",0.883001109641669
"alpha[1125]",-0.506954493203729
"alpha[1126]",-0.775099000581326
"alpha[1127]",-0.450393460996099
"alpha[1128]",-0.505436966940775
"alpha[1129]",-1.05127182081391
"alpha[1130]",-0.138250177479813
"alpha[1131]",-0.42938651522793
"alpha[1132]",-0.816663966684785
"alpha[1133]",-0.173379760139257
"alpha[1134]",0.843430719013752
"alpha[1135]",0.408614289498113
"alpha[1136]",0.0721943560847132
"alpha[1137]",-1.5917313322302
"alpha[1138]",0.305760197617703
"alpha[1139]",2.0711646147341
"alpha[1140]",-0.404018814464793
"alpha[1141]",-1.9802880166515
"alpha[1142]",-1.89417930395972
"alpha[1143]",0.666976745215019
"alpha[1144]",1.0376517081763
"alpha[1145]",1.31902255482714
"alpha[1146]",1.65857581432853
"alpha[1147]",-0.408753680264996
"alpha[1148]",-0.909122051696599
"alpha[1149]",0.440584205576894
"alpha[1150]",-0.246594554473087
"alpha[1151]",-0.988398377743501
"alpha[1152]",1.0376022734548
"alpha[1153]",1.44674076059084
"alpha[1154]",-0.0167870947316422
"alpha[1155]",-0.567675392289859
"alpha[1156]",-0.609387441751877
"alpha[1157]",1.95030642923891
"alpha[1158]",-1.20456467552557
"alpha[1159]",-0.101751598239557
"alpha[1160]",0.932599856114295
"alpha[1161]",1.49813923805453
"alpha[1162]",-0.863667255173316
"alpha[1163]",0.101547889959328
"alpha[1164]",0.355424768234856
"alpha[1165]",-1.49270619269767
"alpha[1166]",-0.3558966524736
"alpha[1167]",0.47419638038813
"alpha[1168]",-0.359765585641763
"alpha[1169]",1.57010256609027
"alpha[1170]",0.638994768884633
"alpha[1171]",1.80567694576876
"alpha[1172]",-0.484833485985644
"alpha[1173]",0.840916586149388
"alpha[1174]",-0.0748152619125925
"alpha[1175]",-0.121859043592281
"alpha[1176]",-0.189316346827011
"alpha[1177]",0.755923531305547
"alpha[1178]",-0.218887496184619
"alpha[1179]",0.864122445569057
"alpha[1180]",1.28415308687133
"alpha[1181]",-1.97971114588639
"alpha[1182]",-0.0510616687783593
"alpha[1183]",2.0865400222444
"alpha[1184]",0.771981580864107
"alpha[1185]",-0.265973920959681
"alpha[1186]",-0.0618429484345351
"alpha[1187]",0.300893436704159
"alpha[1188]",-1.27003548749841
"alpha[1189]",-1.39973402760065
"alpha[1190]",-0.0230648607049873
"alpha[1191]",-1.3237441106684
"alpha[1192]",0.332733510660622
"alpha[1193]",-0.151567154740797
"alpha[1194]",0.546995862836238
"alpha[1195]",-0.790774428418254
"alpha[1196]",-0.510269126949695
"alpha[1197]",-0.530171170873461
"alpha[1198]",-0.391633974892522
"alpha[1199]",1.69570222051299
"alpha[1200]",0.0714740204336034
"alpha[1201]",-1.29495585308724
"alpha[1202]",-0.746792869786849
"alpha[1203]",-0.431443834411718
"alpha[1204]",-0.993336663128921
"alpha[1205]",0.333366198772851
"alpha[1206]",0.00148204376232147
"alpha[1207]",-0.622897442812121
"alpha[1208]",0.98285937537606
"alpha[1209]",-0.526218323653879
"alpha[1210]",-2.06982424875414
"alpha[1211]",-0.433697881845511
"alpha[1212]",-0.684320714734514
"alpha[1213]",-0.235103129613315
"alpha[1214]",0.161074407934747
"alpha[1215]",-0.365182922558639
"alpha[1216]",0.38874556066097
"alpha[1217]",-1.58716133061597
"alpha[1218]",0.441120535902399
"alpha[1219]",1.41510793989834
"alpha[1220]",-0.3453307450989
"alpha[1221]",1.19868569663186
"alpha[1222]",-1.58021394082026
"alpha[1223]",0.717517106751776
"alpha[1224]",-1.05769728467521
"alpha[1225]",-0.277694095180861
"alpha[1226]",-0.556726556385841
"alpha[1227]",0.414161131403409
"alpha[1228]",0.42305734037308
"alpha[1229]",-0.926767662232351
"alpha[1230]",-0.390472210038642
"alpha[1231]",0.342980962539387
"alpha[1232]",0.182094133262914
"alpha[1233]",1.27368840410735
"alpha[1234]",1.27494362790159
"alpha[1235]",0.713870366288601
"alpha[1236]",-1.71910726678222
"alpha[1237]",-1.09330089217057
"alpha[1238]",0.298835897454338
"alpha[1239]",-0.392682243874416
"alpha[1240]",3.12401369210174
"alpha[1241]",-1.03561171815771
"alpha[1242]",0.317707036565308
"alpha[1243]",-0.470084052998827
"alpha[1244]",0.0482755546853183
"alpha[1245]",0.235078492423131
"alpha[1246]",0.922664225035287
"alpha[1247]",-0.166524356970903
"alpha[1248]",1.63443500745502
"alpha[1249]",0.124112856913123
"alpha[1250]",-1.09701063796159
"alpha[1251]",-0.507351063695006
"alpha[1252]",-1.17422109104066
"alpha[1253]",-0.260553684702571
"alpha[1254]",-0.252684332020625
"alpha[1255]",0.571830251037143
"alpha[1256]",-0.343012501703752
"alpha[1257]",-0.22988599530118
"alpha[1258]",-0.504138169903388
"alpha[1259]",-0.371351994975484
"alpha[1260]",0.930120217925478
"alpha[1261]",-1.41674959679012
"alpha[1262]",0.175103807970321
"alpha[1263]",-0.635678013041093
"alpha[1264]",0.656636924092614
"alpha[1265]",0.675214909531778
"alpha[1266]",-0.628199985411861
"alpha[1267]",-0.413790802544344
"alpha[1268]",-0.0626047667536399
"alpha[1269]",1.1633925059598
"alpha[1270]",-1.28484422533569
"alpha[1271]",0.603554988813826
"alpha[1272]",0.756146618470393
"alpha[1273]",-0.227251164335727
"alpha[1274]",0.571765209252337
"alpha[1275]",-0.0111271994691731
"alpha[1276]",-0.569832361446905
"alpha[1277]",-1.5875692240112
"alpha[1278]",0.182819020222196
"alpha[1279]",1.43225548351756
"alpha[1280]",0.908677706817356
"alpha[1281]",1.20982657654468
"alpha[1282]",1.6119862915559
"alpha[1283]",1.76194466559118
"alpha[1284]",0.469607586814041
"alpha[1285]",0.477406750915573
"alpha[1286]",0.350648839106337
"alpha[1287]",0.211693489035088
"alpha[1288]",0.210053829403849
"alpha[1289]",-1.42358850079574
"alpha[1290]",1.18229703662521
"alpha[1291]",2.08581229283086
"alpha[1292]",1.49082121559441
"alpha[1293]",0.459795530291981
"alpha[1294]",-0.096076254619331
"alpha[1295]",-0.574738705288669
"alpha[1296]",-0.189264157331464
"alpha[1297]",1.32499933683957
"alpha[1298]",-2.05540662282611
"alpha[1299]",2.22553669346071
"alpha[1300]",-0.0569857035012437
"alpha[1301]",-0.569166279881749
"alpha[1302]",0.107981672483185
"alpha[1303]",0.454838297641055
"alpha[1304]",-0.244983570388882
"alpha[1305]",0.162623074410596
"alpha[1306]",-2.08645909787661
"alpha[1307]",1.1428144585504
"alpha[1308]",-2.40254825827206
"alpha[1309]",0.131949425656583
"alpha[1310]",-0.812187532607096
"alpha[1311]",-1.08767340933755
"alpha[1312]",-1.5637561383106
"alpha[1313]",-0.716736817070255
"alpha[1314]",-3.21081796907853
"alpha[1315]",0.154506173314516
"alpha[1316]",-0.694445197331754
"alpha[1317]",-1.15078924322905
"alpha[1318]",0.0798071493326104
"alpha[1319]",-0.933919292921288
"alpha[1320]",0.533183701539608
"alpha[1321]",1.51656805384453
"alpha[1322]",-1.34035144777387
"alpha[1323]",-0.489048772065581
"alpha[1324]",-1.11324521220375
"alpha[1325]",1.32563156333767
"y[1]",1.27730937719492
"y[2]",-0.966552826735684
"y[3]",0.775090316887941
"y[4]",-1.21684532906525
"y[5]",0.860583084952042
"y[6]",0.529055255766434
"y[7]",-0.608628792167634
"y[8]",-1.16286514561925
"y[9]",-2.05739411181495
"y[10]",-0.381173613440785
"y[11]",1.53673583646212
"y[12]",0.334302087017181
"y[13]",-0.792715279288315
"y[14]",-0.843699778223464
"y[15]",-0.654789819991526
"y[16]",-3.35972785015656
"y[17]",0.782709294290398
"y[18]",-1.04022961114801
"y[19]",-0.710445100726553
"y[20]",0.451785200705433
"y[21]",-1.28494420609844
"y[22]",-0.572059535659398
"y[23]",-2.83202931539358
"y[24]",-1.15639864543418
"y[25]",-2.24752637562858
"y[26]",-0.708951612325606
"y[27]",1.46759160300715
"y[28]",-0.786798816158907
"y[29]",0.546289227692884
"y[30]",-1.74472547943802
"y[31]",-1.0428795330835
"y[32]",-1.55473674345629
"y[33]",-0.374477122189849
"y[34]",1.05289921051709
"y[35]",0.282298956767851
"y[36]",-0.57550394808147
"y[37]",-0.030071511882727
"y[38]",-1.32027745743061
"y[39]",-1.32241305583811
"y[40]",0.593160811906429
"y[41]",-1.81414545457199
"y[42]",-0.208265721749158
"y[43]",-0.40986495658918
"y[44]",-0.848931950430793
"y[45]",0.356111354020803
"y[46]",0.77599424712198
"y[47]",0.176815180585117
"y[48]",1.02991924971445
"y[49]",0.117470200119034
"y[50]",0.412089338333319
"y[51]",-0.467514132875212
"y[52]",0.692954393536159
"y[53]",-0.910467671491625
"y[54]",-1.51619251590441
"y[55]",0.441383652492264
"y[56]",0.560874590509861
"y[57]",-0.971018870307951
"y[58]",0.342192024275143
"y[59]",0.296904397814471
"y[60]",-0.138010305908823
"y[61]",-0.94578581383476
"y[62]",-1.77678794229869
"y[63]",0.750066772839555
"y[64]",-1.17913326723914
"y[65]",0.693944906873346
"y[66]",0.549520424040715
"y[67]",-1.50582141663232
"y[68]",-1.69271138910258
"y[69]",-1.04686862012524
"y[70]",-1.58278587946953
"y[71]",-0.706961801168475
"y[72]",-1.38263859361657
"y[73]",0.748459514986514
"y[74]",1.30177819174622
"y[75]",-0.6959065519413
"y[76]",-2.29027444788675
"y[77]",1.10813895040157
"y[78]",0.183676095637627
"y[79]",-1.64841863907979
"y[80]",-1.87024522787208
"y[81]",1.02427581451935
"y[82]",0.979444791179295
"y[83]",-0.268585938645506
"y[84]",0.952999075291207
"y[85]",0.888201714947239
"y[86]",-0.282068181085877
"y[87]",0.940928157434421
"y[88]",-2.18854548926518
"y[89]",-3.6730030010735
"y[90]",-1.94788744963956
"y[91]",0.24296351988534
"y[92]",-1.9617275317731
"y[93]",0.639898649908194
"y[94]",-0.3562095028125
"y[95]",-0.730808620415978
"y[96]",-1.42220271094298
"y[97]",-0.829212455485371
"y[98]",0.244058698040817
"y[99]",-0.828431805366595
"y[100]",1.07664486316693
"y[101]",1.33843034791842
"y[102]",-0.493016322349313
"y[103]",-0.455238216215643
"y[104]",-1.06613509078064
"y[105]",0.555353374679235
"y[106]",0.0699588639185982
"y[107]",-0.737523967808121
"y[108]",0.99381867582053
"y[109]",-0.154025353391365
"y[110]",-0.366978588716102
"y[111]",0.417508069164286
"y[112]",-1.74560211612696
"y[113]",-1.23015611444615
"y[114]",0.953037824675753
"y[115]",-0.590106277009117
"y[116]",-0.482924617489567
"y[117]",-0.903053912495049
"y[118]",-1.65588593297318
"y[119]",-1.49520372941582
"y[120]",0.623705758148916
"y[121]",-0.849277514072491
"y[122]",0.5197413300789
"y[123]",0.6269996325136
"y[124]",-0.469911904090777
"y[125]",0.766551644518057
"y[126]",0.619431269379483
"y[127]",-0.794333501732835
"y[128]",0.604470522002464
"y[129]",0.648852399894457
"y[130]",-1.23302508288908
"y[131]",-1.9524909831255
"y[132]",-0.401747870729218
"y[133]",-0.618613295460784
"y[134]",-0.0634337520606419
"y[135]",-0.120613055798618
"y[136]",-0.0592061467254524
"y[137]",-1.4864843922248
"y[138]",0.990431942840339
"y[139]",-0.671554277870007
"y[140]",-2.49793210610018
"y[141]",-0.921540408938118
"y[142]",-0.305432599073505
"y[143]",-0.485940697279073
"y[144]",0.241756729789107
"y[145]",-0.67635557107917
"y[146]",-2.22922433507815
"y[147]",0.295092899572589
"y[148]",-0.679215418613545
"y[149]",0.0144019424093415
"y[150]",-1.11556154209609
"y[151]",0.0867729831144564
"y[152]",0.28329351453784
"y[153]",0.88672240646055
"y[154]",-0.121505236250686
"y[155]",1.1700194874138
"y[156]",1.11456635022035
"y[157]",0.204739441471566
"y[158]",-0.899571683537051
"y[159]",1.35313050769871
"y[160]",-0.937413918203561
"y[161]",-0.702370411537905
"y[162]",-0.657262832218693
"y[163]",-0.905498110660427
"y[164]",-0.414242958065494
"y[165]",-1.05897269353934
"y[166]",-1.25147632627426
"y[167]",0.812549503695377
"y[168]",-1.00352900116283
"y[169]",-1.08460101415676
"y[170]",-2.09665460989741
"y[171]",1.20540856530081
"y[172]",0.835460837069736
"y[173]",-1.76241043571574
"y[174]",0.295342096630327
"y[175]",0.505614256947187
"y[176]",-1.46326863332125
"y[177]",0.760779494316744
"y[178]",-0.623132103043085
"y[179]",0.919655465089256
"y[180]",-0.162939758718655
"y[181]",-0.943720087955351
"y[182]",1.24121612192756
"y[183]",0.136364865168578
"y[184]",0.933749736592471
"y[185]",-2.96769342906336
"y[186]",-0.378025414723819
"y[187]",-1.39938577807651
"y[188]",-0.40143966741018
"y[189]",-2.44632978973736
"y[190]",-0.465417924192627
"y[191]",-2.13098918324677
"y[192]",-1.67787389913453
"y[193]",-0.764921156574317
"y[194]",0.841137462432478
"y[195]",-0.744295724570843
"y[196]",0.866934149215568
"y[197]",0.831550072491368
"y[198]",-0.802860110595568
"y[199]",-0.752414521453784
"y[200]",-0.611733078775145
"y[201]",0.339833623599099
"y[202]",0.375775677831974
"y[203]",1.2598021600548
"y[204]",-0.803369247339243
"y[205]",-2.75549751480801
"y[206]",0.356645044829401
"y[207]",0.0599016613830788
"y[208]",0.335491801585477
"y[209]",-0.593872443809353
"y[210]",0.452964674666793
"y[211]",0.568050780841498
"y[212]",1.20965985303712
"y[213]",-1.19594656532115
"y[214]",-1.39421303909568
"y[215]",-1.90764422757515
"y[216]",1.06849346434974
"y[217]",-0.91889898546976
"y[218]",-1.247241849408
"y[219]",-1.73680486822468
"y[220]",0.435113150122413
"y[221]",0.161725318734155
"y[222]",-2.83448397944512
"y[223]",-1.82140583330732
"y[224]",-1.41258570058535
"y[225]",-1.49845245125497
"y[226]",0.841781701348918
"y[227]",-0.280802756842898
"y[228]",0.254542850011658
"y[229]",1.06471480784533
"y[230]",-0.420834845243422
"y[231]",-0.233266178237894
"y[232]",1.16571960215001
"y[233]",-1.25271336017972
"y[234]",0.482693292586741
"y[235]",-0.54146359045224
"y[236]",1.01402766181472
"y[237]",-0.359964082961522
"y[238]",-1.4907428293151
"y[239]",-1.0522058233617
"y[240]",0.200869833319742
"y[241]",0.948687454222149
"y[242]",-1.4081583264597
"y[243]",0.8415610884401
"y[244]",0.18345887497751
"y[245]",-2.16102908664197
"y[246]",-0.979021128624602
"y[247]",-0.478209199338568
"y[248]",1.04334704545323
"y[249]",-1.04741504562719
"y[250]",-1.23717886718249
"y[251]",1.0394743789749
"y[252]",0.307168873125266
"y[253]",-0.9795211837241
"y[254]",-0.117201352508865
"y[255]",0.895656368112534
"y[256]",-1.25342434429993
"y[257]",-0.408240190751942
"y[258]",0.515853768140785
"y[259]",-1.35099593353718
"y[260]",-0.0672223193297552
"y[261]",1.10011732564716
"y[262]",-1.63084155238233
"y[263]",-0.646367437610197
"y[264]",-2.34844196709456
"y[265]",-1.8755863914906
"y[266]",0.604597767423553
"y[267]",0.85068194482822
"y[268]",1.33174152619719
"y[269]",0.301915823769453
"y[270]",-0.610306093378993
"y[271]",1.14568061666008
"y[272]",0.922967843187157
"y[273]",0.62033868154033
"y[274]",1.19495084655036
"y[275]",-0.862238867022652
"y[276]",0.667051784648765
"y[277]",-0.154589903772365
"y[278]",-2.27949811008015
"y[279]",-0.0680792804394789
"y[280]",-2.03705641399703
"y[281]",0.782292233454603
"y[282]",0.513004850143054
"y[283]",-0.283181344656792
"y[284]",-0.750016938543044
"y[285]",-0.0438479730803976
"y[286]",-0.989457815935554
"y[287]",-1.96728264966649
"y[288]",-0.463329068305747
"y[289]",-0.21004224362708
"y[290]",-0.713688828149015
"y[291]",-1.03826330572994
"y[292]",0.962105650380514
"y[293]",0.105634903794293
"y[294]",-0.377178323677762
"y[295]",-1.11048781031625
"y[296]",0.290459904274762
"y[297]",-0.378702787964263
"y[298]",0.773214548422992
"y[299]",-2.23813601586688
"y[300]",-2.35514942770159
"y[301]",-1.13701354244351
"y[302]",1.18929393991031
"y[303]",-1.41714077820575
"y[304]",-0.449703867376634
"y[305]",-1.26164099596751
"y[306]",-0.530758176953979
"y[307]",-0.859921934299224
"y[308]",0.856308636505181
"y[309]",-0.866777862856695
"y[310]",-1.30941985343633
"y[311]",0.329535189415987
"y[312]",-1.38187965027401
"y[313]",-0.910152031639342
"y[314]",-1.39381328319045
"y[315]",0.406065419193922
"y[316]",-0.61853594466651
"y[317]",-1.47559364625039
"y[318]",0.0242619995148295
"y[319]",-0.360624171913042
"y[320]",-1.22949050048084
"y[321]",-0.94965646275455
"y[322]",-0.551410369465543
"y[323]",-0.114755124808769
"y[324]",-0.0934086946641771
"y[325]",-0.729560293851453
"y[326]",-1.34120486674318
"y[327]",0.993848387908109
"y[328]",-1.20444590655715
"y[329]",-2.00888134016573
"y[330]",-1.36002069976928
"y[331]",-2.60766789361133
"y[332]",0.841299173053137
"y[333]",-0.235656219507207
"y[334]",-0.499208363289323
"y[335]",0.0123962114740893
"y[336]",-0.444758308456464
"y[337]",0.931614765848883
"y[338]",0.250841927542239
"y[339]",1.44486175143396
"y[340]",0.740082057653907
"y[341]",0.976379736503975
"y[342]",0.130521626768468
"y[343]",-0.255661301115096
"y[344]",0.451849027490208
"y[345]",0.366572987154368
"y[346]",-0.0317271482319461
"y[347]",1.5458261630061
"y[348]",-3.39143162083188
"y[349]",0.409222612588903
"y[350]",-1.67562237370609
"y[351]",0.27456442285958
"y[352]",0.675579754326844
"y[353]",0.890126177455023
"y[354]",-2.51869076796508
"y[355]",1.15816235976324
"y[356]",-0.287913477785561
"y[357]",-0.80085569836604
"y[358]",-2.05125684294555
"y[359]",-0.552501675065113
"y[360]",-1.28744344161897
"y[361]",-1.31835416775148
"y[362]",-2.11793055256492
"y[363]",-2.45490429884838
"y[364]",-1.07276868168657
"y[365]",-0.92772541016445
"y[366]",0.300155333988714
"y[367]",-0.940562247175584
"y[368]",-1.29023398563181
"y[369]",-0.510617980225778
"y[370]",-1.34746720270873
"y[371]",0.342808361291625
"y[372]",-2.18683885202517
"y[373]",-1.3606968504098
"y[374]",0.079856073003581
"y[375]",-1.46790700559143
"y[376]",-2.04593004274939
"y[377]",-0.620984841473058
"y[378]",-2.61883332049886
"y[379]",-0.986338229124569
"y[380]",-2.31607405507656
"y[381]",-1.41831855515917
"y[382]",0.203568244975311
"y[383]",0.454341689316597
"y[384]",-0.666593964785992
"y[385]",-1.10100791744796
"y[386]",0.427871802681222
"y[387]",0.676297740222852
"y[388]",-1.40560812776816
"y[389]",-0.777172105061225
"y[390]",0.654225604089407
"y[391]",0.0379488845461925
"y[392]",-2.16444863912754
"y[393]",1.00179171635636
"y[394]",-2.05608233596692
"y[395]",-1.71664404065971
"y[396]",0.856487226468374
"y[397]",-0.155367662641554
"y[398]",0.275138207351087
"y[399]",-1.00543152775123
"y[400]",0.118076274790605
"y[401]",-1.46452699209441
"y[402]",-0.44358189167796
"y[403]",0.235220091623961
"y[404]",-1.18172935757501
"y[405]",-0.243151774735704
"y[406]",-0.221202373034583
"y[407]",1.20820399952429
"y[408]",1.54137549494917
"y[409]",1.20479027572451
"y[410]",-0.487490017220061
"y[411]",-0.974806072887801
"y[412]",1.2674922933013
"y[413]",-0.0348318221744655
"y[414]",-0.369496365169149
"y[415]",-0.0970427161557718
"y[416]",0.328841737171916
"y[417]",0.686565429132308
"y[418]",0.963988170825859
"y[419]",-1.15229289293323
"y[420]",-0.760541300409231
"y[421]",-0.993191051962087
"y[422]",-0.678001469515208
"y[423]",-2.38473500323826
"y[424]",0.829786617719239
"y[425]",0.998549921639689
"y[426]",0.132035509575414
"y[427]",1.06546468193071
"y[428]",0.423825918954153
"y[429]",-1.54255944556239
"y[430]",-1.20262320346337
"y[431]",-0.428860876196365
"y[432]",0.881269083143617
"y[433]",-1.99511719045895
"y[434]",-1.73311582069543
"y[435]",-0.343786163300661
"y[436]",-1.67397794807811
"y[437]",1.00333974061555
"y[438]",-0.632052155235435
"y[439]",-0.525230325289635
"y[440]",-0.0621008359094899
"y[441]",0.783970406892031
"y[442]",0.61211522724071
"y[443]",-1.27798394643296
"y[444]",-1.2278978077148
"y[445]",-2.39362460338922
"y[446]",1.43618444609257
"y[447]",-0.736757022136926
"y[448]",0.373427542963931
"y[449]",-2.46981168764491
"y[450]",-0.245095965360196
"y[451]",-2.12090957217362
"y[452]",-2.36329324913024
"y[453]",-0.503522025365792
"y[454]",1.62932265341706
"y[455]",-0.526690469216136
"y[456]",-1.16901348077496
"y[457]",-0.468523252978227
"y[458]",0.70411275791066
"y[459]",0.189116579168911
"y[460]",-0.310166241364591
"y[461]",-0.287725033637735
"y[462]",0.245132637038988
"y[463]",-1.10063976031782
"y[464]",-0.700620327756472
"y[465]",0.112606696356214
"y[466]",1.10175547743288
"y[467]",0.51854819201752
"y[468]",0.250711313522588
"y[469]",0.00168290822243458
"y[470]",0.83767676480977
"y[471]",0.0662021363362547
"y[472]",-0.412925092609814
"y[473]",0.493152618115004
"y[474]",-2.00613711284561
"y[475]",0.581096236482089
"y[476]",1.07695157590214
"y[477]",1.41918888233409
"y[478]",-1.64287156789826
"y[479]",-0.404178050667948
"y[480]",-0.83662995273738
"y[481]",0.698935669330931
"y[482]",0.447375526514232
"y[483]",-1.31715231625275
"y[484]",-1.7626181464855
"y[485]",1.16692222876237
"y[486]",2.02329704765751
"y[487]",-0.0803085833610893
"y[488]",-0.934827036614779
"y[489]",0.966644304939672
"y[490]",-1.25507331910483
"y[491]",-1.12208871731271
"y[492]",0.351876750960236
"y[493]",0.340953452234354
"y[494]",0.463623201616084
"y[495]",0.684012818321378
"y[496]",0.288895889056501
"y[497]",-0.922574479589236
"y[498]",0.82397386985045
"y[499]",-0.312119214238294
"y[500]",-0.0810504778008207
"y[501]",1.00085403065021
"y[502]",-0.150659053668122
"y[503]",1.5103083865214
"y[504]",-0.877969363537591
"y[505]",-1.25191322326073
"y[506]",-0.595464090471522
"y[507]",-1.16185674971518
"y[508]",-2.27198457761455
"y[509]",-1.11030762791623
"y[510]",-1.0011453977065
"y[511]",-0.547830703250323
"y[512]",0.685504289794951
"y[513]",-0.470150084452154
"y[514]",-0.300862695247722
"y[515]",0.85846055573524
"y[516]",1.30095396814581
"y[517]",-0.711234289772587
"y[518]",-0.257865078693575
"y[519]",-1.36220113088832
"y[520]",-1.63759610966841
"y[521]",1.02179365777486
"y[522]",-0.810276725439874
"y[523]",0.223858898003601
"y[524]",-1.5570874656722
"y[525]",-0.319699988769719
"y[526]",-3.15412727340498
"y[527]",1.23077657855594
"y[528]",0.074432609567571
"y[529]",1.11737088915336
"y[530]",-0.955548871626665
"y[531]",0.109966639718628
"y[532]",-1.47101481899409
"y[533]",-1.26132354588911
"y[534]",0.77878396740973
"y[535]",0.961876899394412
"y[536]",0.180381375284937
"y[537]",-0.258089151152495
"y[538]",-0.168136062781494
"y[539]",-0.659316272947348
"y[540]",-0.234375759989435
"y[541]",-0.607080662670945
"y[542]",0.00126970525196047
"y[543]",0.0811855694630367
"y[544]",-0.0103648750995231
"y[545]",-0.192639829252184
"y[546]",-1.74567922093297
"y[547]",0.0127366133497144
"y[548]",-0.836100941218892
"y[549]",-0.770146888961158
"y[550]",-1.37742575825365
"y[551]",0.566911104386655
"y[552]",-0.643560773695982
"y[553]",1.31567814609494
"y[554]",0.735990705160667
"y[555]",0.350081754160954
"y[556]",-1.03805846612593
"y[557]",0.91082728279618
"y[558]",-0.122218938345102
"y[559]",-2.10973243181362
"y[560]",0.580451657192891
"y[561]",1.82085766497835
"y[562]",0.786103475999681
"y[563]",-0.560482396101772
"y[564]",0.556281780220626
"y[565]",0.756824952466886
"y[566]",0.19652272164917
"y[567]",1.18842916340074
"y[568]",0.90669597123483
"y[569]",-0.0952073673748663
"y[570]",-1.35743646053925
"y[571]",-1.63318626761519
"y[572]",0.542587619385726
"y[573]",-1.13178399456952
"y[574]",-2.69976322787169
"y[575]",1.36593617577464
"y[576]",-0.659578741527729
"y[577]",0.242858045501377
"y[578]",0.139470840137262
"y[579]",0.709655369562417
"y[580]",-1.43094488795207
"y[581]",-1.53396097741546
"y[582]",0.572171458020804
"y[583]",0.650121108305604
"y[584]",0.642730273812509
"y[585]",0.108610692275833
"y[586]",0.0663839679430387
"y[587]",-2.91590794840537
"y[588]",0.30854815836133
"y[589]",0.305519362305528
"y[590]",0.0645835434905187
"y[591]",0.814384315127224
"y[592]",0.743668626180525
"y[593]",2.05490871950366
"y[594]",-0.878052986120228
"y[595]",0.964402468104921
"y[596]",0.109098512610839
"y[597]",-0.560282720916113
"y[598]",0.905939792050105
"y[599]",-0.295127048998321
"y[600]",-1.10301453019343
"y[601]",-0.274134041583261
"y[602]",0.337725176330317
"y[603]",-1.75027787348812
"y[604]",-0.372835736466218
"y[605]",-0.0978881931969964
"y[606]",-0.0227524984397475
"y[607]",-1.20900593617109
"y[608]",-0.373621900782844
"y[609]",-3.25183122948016
"y[610]",-0.190896707076658
"y[611]",0.864951391791517
"y[612]",-0.253082042050618
"y[613]",0.367242825787457
"y[614]",-0.770214526582763
"y[615]",-1.72551342653554
"y[616]",-0.723791972773172
"y[617]",0.104267361167739
"y[618]",-0.829141085900261
"y[619]",-0.674379499892328
"y[620]",0.615095535961911
"y[621]",-0.269541736853317
"y[622]",-1.87285599998176
"y[623]",0.0480045557923726
"y[624]",-2.4733767816809
"y[625]",-2.4927002888254
"y[626]",-1.58045443253162
"y[627]",0.993129596653467
"y[628]",-0.718440357775996
"y[629]",-0.790570859597502
"y[630]",-1.25647720325013
"y[631]",0.758457897907901
"y[632]",-1.11199010227857
"y[633]",1.09285127438034
"y[634]",-0.329102202155106
"y[635]",-1.02088555579005
"y[636]",1.34020751993143
"y[637]",-0.793181221527905
"y[638]",-1.15343772766246
"y[639]",-1.30087030128067
"y[640]",-1.00795433364967
"y[641]",-1.02107093380749
"y[642]",-0.924956353812241
"y[643]",-1.27474138220002
"y[644]",-1.46590073612134
"y[645]",1.37004568970794
"y[646]",-2.439005573605
"y[647]",0.201538815305504
"y[648]",-1.41898942101232
"y[649]",-1.21093781785858
"y[650]",0.840818938385406
"y[651]",-1.7547880257977
"y[652]",-1.91860173310635
"y[653]",1.42295953845173
"y[654]",-0.354691154575245
"y[655]",-1.53399304500649
"y[656]",-1.58853237417765
"y[657]",-0.418378358421319
"y[658]",0.192164117396524
"y[659]",-0.921372640987196
"y[660]",-0.874173110196579
"y[661]",1.19308396311905
"y[662]",-0.224159946041736
"y[663]",-0.623554952351749
"y[664]",-1.05782845432443
"y[665]",0.413972014063368
"y[666]",0.110270080363889
"y[667]",-2.93859861241276
"y[668]",0.0945264946868375
"y[669]",-0.14192360831028
"y[670]",-0.679892494897723
"y[671]",0.456809942078193
"y[672]",-2.17642201381601
"y[673]",-1.50540659474264
"y[674]",-2.50201282132325
"y[675]",0.713744677900374
"y[676]",-1.01954796308473
"y[677]",-0.934587680237017
"y[678]",-0.256178118482891
"y[679]",1.16968913295036
"y[680]",0.278768091238615
"y[681]",0.652075631268238
"y[682]",0.484767192834007
"y[683]",-0.448284738366001
"y[684]",-2.95995861449235
"y[685]",-1.41678387532307
"y[686]",0.479125696899447
"y[687]",-2.4353062268595
"y[688]",0.621171396542715
"y[689]",-1.25082993824347
"y[690]",-0.0526630941753932
"y[691]",1.52618698476163
"y[692]",0.507796749220946
"y[693]",-0.204678644007765
"y[694]",-0.326695945496027
"y[695]",1.3130530883278
"y[696]",-0.527876607954194
"y[697]",-0.256729564902689
"y[698]",-0.472392972127734
"y[699]",0.621540649118928
"y[700]",-0.719115329783234
"y[701]",-0.299525714017183
"y[702]",-0.841386317620244
"y[703]",-1.52136905134322
"y[704]",-0.185651167907896
"y[705]",1.54514256607478
"y[706]",0.0979671968295902
"y[707]",-1.72529266215113
"y[708]",0.111423415010985
"y[709]",-1.20580705141149
"y[710]",0.707181186939356
"y[711]",-0.0987976082497119
"y[712]",-1.12243232751059
"y[713]",1.5464774442611
"y[714]",-1.22829596547961
"y[715]",-0.870147153180707
"y[716]",0.788129459877026
"y[717]",1.0603916228417
"y[718]",0.0998750494452814
"y[719]",0.0405649296284528
"y[720]",-0.288436439264013
"y[721]",0.376398240891645
"y[722]",-1.92271178464607
"y[723]",0.820508471300946
"y[724]",0.85742613238323
"y[725]",-0.752388585252175
"y[726]",-1.42383525594718
"y[727]",0.986974289974827
"y[728]",-0.734476351795749
"y[729]",0.337306196676562
"y[730]",0.0706572771633845
"y[731]",-0.87105158964636
"y[732]",-1.84461733857161
"y[733]",0.847376436792884
"y[734]",-0.602827501006808
"y[735]",-0.00370624490274261
"y[736]",1.02115493957098
"y[737]",0.253436007931219
"y[738]",1.08645952084068
"y[739]",0.693700560362877
"y[740]",-1.05606279196018
"y[741]",-0.813072375238828
"y[742]",-0.167563609306787
"y[743]",-0.386417631316953
"y[744]",-1.45519123977293
"y[745]",1.06343270375147
"y[746]",0.520811161160316
"y[747]",-1.38140660601196
"y[748]",0.15143783827934
"y[749]",1.21743659731947
"y[750]",0.986171657165696
"y[751]",-1.23500505358396
"y[752]",-2.83502203394932
"y[753]",-0.626521233081403
"y[754]",-0.233796561895992
"y[755]",0.23520174840605
"y[756]",-0.0416555816729506
"y[757]",0.586214953538008
"y[758]",-1.91245925731405
"y[759]",0.261887262762402
"y[760]",-1.44910737045503
"y[761]",0.580287385507311
"y[762]",-1.69133883081339
"y[763]",-1.4042112116353
"y[764]",-1.04584992521689
"y[765]",-0.597305868751681
"y[766]",-0.2232458410506
"y[767]",0.929071130022368
"y[768]",-0.707371357186237
"y[769]",0.579693902109402
"y[770]",1.17220949689459
"y[771]",-1.15053645914353
"y[772]",-1.67024330359525
"y[773]",0.897783073698061
"y[774]",-0.407243079027897
"y[775]",0.769644414419568
"y[776]",-1.17804506983432
"y[777]",-2.6211860019454
"y[778]",1.1836012391663
"y[779]",-0.120489289902712
"y[780]",-2.4907234424331
"y[781]",-1.42970241292087
"y[782]",-1.23995908331043
"y[783]",1.26105543856739
"y[784]",-1.39394355691697
"y[785]",0.456994314640919
"y[786]",0.852469669743737
"y[787]",-0.134577308942827
"y[788]",-0.540957659853534
"y[789]",-1.73519659723997
"y[790]",-0.907153248139206
"y[791]",1.16452610111767
"y[792]",-0.109588858922627
"y[793]",-1.801543029499
"y[794]",-1.72068287022489
"y[795]",-0.372041932200648
"y[796]",-0.0996570167235213
"y[797]",-2.53657574031804
"y[798]",1.82802462669142
"y[799]",-0.625361466431561
"y[800]",-1.10717356552255
"y[801]",0.102655977440972
"y[802]",-0.200598409317201
"y[803]",-0.588650807152932
"y[804]",1.27278494141109
"y[805]",-1.2996954799784
"y[806]",-1.80016648130512
"y[807]",1.09188724726196
"y[808]",-2.27012645997532
"y[809]",1.19912419874719
"y[810]",1.7035985557563
"y[811]",-0.114617380782938
"y[812]",0.64172560227152
"y[813]",1.00975924880555
"y[814]",-1.53803849539975
"y[815]",-0.770714331183518
"y[816]",0.727736194372876
"y[817]",-1.24031519089569
"y[818]",0.431088954143744
"y[819]",-0.37237020583921
"y[820]",1.22345345304221
"y[821]",-0.72795379140081
"y[822]",-1.33659815913073
"y[823]",0.29873257276029
"y[824]",1.36836222536864
"y[825]",-0.970943878581912
"y[826]",-0.665536631010452
"y[827]",1.11721116917142
"y[828]",-1.43565396577012
"y[829]",-2.75204902168782
"y[830]",-2.64069266306894
"y[831]",-1.49823669774762
"y[832]",-1.95170846000379
"y[833]",-0.292919635765302
"y[834]",0.0893475331433326
"y[835]",-1.05859586181757
"y[836]",0.490736132772168
"y[837]",-0.507753871219323
"y[838]",-2.27154879815825
"y[839]",-2.14038572702452
"y[840]",-1.35878484872681
"y[841]",0.556113703817954
"y[842]",-0.556185925346581
"y[843]",-1.22897077791885
"y[844]",-0.509777871191101
"y[845]",-1.11894560792627
"y[846]",0.465713143047983
"y[847]",-0.241148838505821
"y[848]",-0.377056449060442
"y[849]",-0.497504651772878
"y[850]",0.894621120928944
"y[851]",0.195090119632013
"y[852]",-1.42099734515792
"y[853]",-1.1226522300741
"y[854]",1.02774930339155
"y[855]",0.346480220679533
"y[856]",0.0577641374386825
"y[857]",-0.866064259704633
"y[858]",0.161108262073681
"y[859]",-0.343157455333679
"y[860]",-0.178321766073312
"y[861]",-0.725945758780393
"y[862]",1.04760318069463
"y[863]",-1.21535385618277
"y[864]",-0.390139907322555
"y[865]",-2.14944359431788
"y[866]",-2.76870841771932
"y[867]",-1.0722173078362
"y[868]",-0.253460876347053
"y[869]",-1.33391446971875
"y[870]",1.09705940889007
"y[871]",0.283114932349779
"y[872]",-1.33409340868576
"y[873]",0.378455667666228
"y[874]",0.348597169865186
"y[875]",0.877329923753695
"y[876]",0.354909127457377
"y[877]",-0.970293025093107
"y[878]",-0.867510354556305
"y[879]",0.84747911028115
"y[880]",0.796801971021079
"y[881]",-0.237472945082111
"y[882]",-0.153668865707471
"y[883]",-0.98393511563483
"y[884]",0.739561338089532
"y[885]",0.367772701213183
"y[886]",0.680241810879005
"y[887]",0.181485058978576
"y[888]",1.19400930419299
"y[889]",0.0500456423925597
"y[890]",0.0398702946518766
"y[891]",-0.563367290822183
"y[892]",-1.26202238991889
"y[893]",-0.0909244360245146
"y[894]",-0.25300487442189
"y[895]",-1.06167151340863
"y[896]",0.634029935554751
"y[897]",0.924184423365366
"y[898]",0.971407387233772
"y[899]",1.05859281459392
"y[900]",-2.54933402933033
"y[901]",0.0711439973576557
"y[902]",-1.52749667760175
"y[903]",-1.71371430847651
"y[904]",-0.173147911894597
"y[905]",0.978010667241361
"y[906]",-1.12752379505381
"y[907]",-1.43067074978885
"y[908]",0.69490782218369
"y[909]",0.946269865794732
"y[910]",-0.478080932108737
"y[911]",-1.57801585492758
"y[912]",-0.632818834237876
"y[913]",-0.370794589132964
"y[914]",0.401583277228685
"y[915]",0.913412327878994
"y[916]",0.576606049824609
"y[917]",0.160377848141126
"y[918]",-1.37050039887189
"y[919]",-3.13065209835089
"y[920]",0.615755302449836
"y[921]",-1.89721482707346
"y[922]",-0.673861160935964
"y[923]",-0.0462618159905637
"y[924]",-0.734514392301059
"y[925]",-0.620123322253016
"y[926]",-1.45716443098368
"y[927]",-2.70553401602507
"y[928]",0.178324309548031
"y[929]",0.430165535033758
"y[930]",-0.630461137585947
"y[931]",1.2437274267016
"y[932]",0.99677386518125
"y[933]",1.07858130837705
"y[934]",-1.43686864560217
"y[935]",-1.19051138064731
"y[936]",-3.31591095288527
"y[937]",1.24017530288688
"y[938]",-0.305065697733289
"y[939]",0.472721890916655
"y[940]",-1.85232234855985
"y[941]",-1.42866240647124
"y[942]",-2.69909700052904
"y[943]",-0.618786079851457
"y[944]",0.174852957163096
"y[945]",-2.35980939536612
"y[946]",0.640977729070724
"y[947]",1.74884066791276
"y[948]",0.247296789482134
"y[949]",0.283552365038225
"y[950]",0.607508264571182
"y[951]",-0.08622325073205
"y[952]",-2.76515480749323
"y[953]",-0.43798987749572
"y[954]",-0.332718449016816
"y[955]",0.826091106780827
"y[956]",-1.42033402504256
"y[957]",0.683396221042881
"y[958]",1.16025132452066
"y[959]",0.819992950390594
"y[960]",0.252392803306304
"y[961]",-2.79394915369665
"y[962]",-0.247939313500865
"y[963]",-1.34177031582635
"y[964]",0.723513484750428
"y[965]",0.12714305711118
"y[966]",0.215595506350889
"y[967]",-0.658544752067184
"y[968]",1.14132095720007
"y[969]",-0.475133392921829
"y[970]",0.0871464689936143
"y[971]",1.50318054895382
"y[972]",0.805498282437091
"y[973]",-2.26735629291183
"y[974]",0.337810201066725
"y[975]",-0.0881445394573284
"y[976]",-0.91601123543636
"y[977]",-1.1731444398812
"y[978]",-0.633888065366735
"y[979]",0.101792241575695
"y[980]",0.273477008124205
"y[981]",-1.22678513461971
"y[982]",0.0259617061423769
"y[983]",-0.823797298581777
"y[984]",0.341528393898625
"y[985]",-0.723286882300931
"y[986]",1.22319623724824
"y[987]",1.28815919593835
"y[988]",0.409839278763842
"y[989]",-1.69352640786682
"y[990]",0.0560862467245809
"y[991]",-1.28606250872045
"y[992]",0.845819034905304
"y[993]",-2.4827393371031
"y[994]",-0.388218900628442
"y[995]",-1.48759084385003
"y[996]",0.987450936327752
"y[997]",0.504114000492628
"y[998]",-0.364013382745124
"y[999]",-1.07381620037536
"y[1000]",0.812660645472694
"y[1001]",-1.54629722324047
"y[1002]",-0.163317490764746
"y[1003]",1.0730848809093
"y[1004]",-1.53790266926632
"y[1005]",0.450244151727199
"y[1006]",0.346783125844776
"y[1007]",-0.806206318528306
"y[1008]",1.03091311676075
"y[1009]",0.471203616269644
"y[1010]",1.2407585130502
"y[1011]",-0.109180371274165
"y[1012]",-1.72706719710948
"y[1013]",-0.00221590096076854
"y[1014]",0.496673275328391
"y[1015]",-0.81417769050518
"y[1016]",-0.802179820301328
"y[1017]",-1.26816083621867
"y[1018]",0.0924113901322119
"y[1019]",0.783187169885096
"y[1020]",-1.5817297753616
"y[1021]",-0.621017121078774
"y[1022]",-0.486782737659764
"y[1023]",1.05448981878855
"y[1024]",1.31872117662802
"y[1025]",-0.90179266913718
"y[1026]",-0.900475404589096
"y[1027]",0.345258816843515
"y[1028]",-0.838638626535912
"y[1029]",-1.59317102081266
"y[1030]",0.56968228501256
"y[1031]",-0.108616802936746
"y[1032]",1.39177730378408
"y[1033]",-0.527917392268717
"y[1034]",0.309531912339414
"y[1035]",-0.463165499917751
"y[1036]",0.617188233165755
"y[1037]",0.428903304964086
"y[1038]",0.206196855162851
"y[1039]",0.279521694314544
"y[1040]",-0.302166441845356
"y[1041]",0.774454913655561
"y[1042]",0.752723418441892
"y[1043]",-0.606547412021765
"y[1044]",-1.14781681968405
"y[1045]",-1.44131282190574
"y[1046]",-2.78014043484564
"y[1047]",-0.105991812003084
"y[1048]",-0.968306312976117
"y[1049]",-0.593196750764529
"y[1050]",0.354389875074698
"y[1051]",-1.93035168580765
"y[1052]",-1.5586210524622
"y[1053]",1.40214105023655
"y[1054]",-1.3748328442361
"y[1055]",-0.293456057715104
"y[1056]",-2.24760250491796
"y[1057]",0.380252181947356
"y[1058]",-1.52875225916399
"y[1059]",-1.81398156492287
"y[1060]",-1.07944339930876
"y[1061]",-1.35103135754448
"y[1062]",-0.748485190410359
"y[1063]",-1.1965185890708
"y[1064]",-0.464901549053639
"y[1065]",-1.42279085518196
"y[1066]",-1.45411063813732
"y[1067]",-0.246299487771755
"y[1068]",0.866873394720309
"y[1069]",1.16474975117398
"y[1070]",0.254918549009753
"y[1071]",1.27087028452959
"y[1072]",0.757509663676261
"y[1073]",-0.952585906387803
"y[1074]",0.124062905730246
"y[1075]",1.19524834020803
"y[1076]",2.34550616567179
"y[1077]",-2.33911062695311
"y[1078]",-1.32622774338446
"y[1079]",-0.214182445345428
"y[1080]",-1.70535516890978
"y[1081]",-2.98158728933151
"y[1082]",-1.10599808300563
"y[1083]",1.16240089474685
"y[1084]",-1.10336138663557
"y[1085]",0.707228400205493
"y[1086]",0.681674995970472
"y[1087]",-0.0411672419764415
"y[1088]",0.901324383416189
"y[1089]",-0.976874741755078
"y[1090]",1.82610145929557
"y[1091]",-2.77787601500756
"y[1092]",1.31721768002295
"y[1093]",0.407834597088855
"y[1094]",-0.0892870298419833
"y[1095]",-0.333293689750118
"y[1096]",0.313734640503745
"y[1097]",-0.596355571341986
"y[1098]",0.783902437679959
"y[1099]",0.624162366573786
"y[1100]",-2.36464313287523
"y[1101]",-1.85628335579746
"y[1102]",-0.0453515717912452
"y[1103]",1.00257542041002
"y[1104]",0.255398819909283
"y[1105]",-0.815630064309397
"y[1106]",0.486811849360946
"y[1107]",-1.25102483964022
"y[1108]",0.683506308870269
"y[1109]",-1.25740609828983
"y[1110]",-1.76632689129656
"y[1111]",-0.575797927929939
"y[1112]",-0.364362179248854
"y[1113]",0.895047919887863
"y[1114]",0.449393445717913
"y[1115]",0.0984830708608952
"y[1116]",0.0736267285591961
"y[1117]",-1.50451166347
"y[1118]",0.219898919777873
"y[1119]",1.55301782524269
"y[1120]",1.47009890445847
"y[1121]",-0.274484669103168
"y[1122]",-0.808244637458143
"y[1123]",-0.556453160411426
"y[1124]",-1.21892113800046
"y[1125]",-0.571506554419445
"y[1126]",0.929559707353128
"y[1127]",-0.16452550822792
"y[1128]",-1.72020525533464
"y[1129]",-0.979614651965979
"y[1130]",-0.406095520997221
"y[1131]",1.14876443273513
"y[1132]",-0.213245246804429
"y[1133]",1.11521187774466
"y[1134]",-2.57998333914555
"y[1135]",-1.78350659456311
"y[1136]",1.14076085099956
"y[1137]",-0.395582779240977
"y[1138]",-1.32647989482822
"y[1139]",-1.35069780934975
"y[1140]",0.899206341133458
"y[1141]",0.815752914257266
"y[1142]",1.44806765374892
"y[1143]",-1.73550656688819
"y[1144]",-0.159540256799222
"y[1145]",-1.07053547431381
"y[1146]",0.502152892803943
"y[1147]",-0.92811237359005
"y[1148]",-1.20703562555553
"y[1149]",-0.494944213244175
"y[1150]",0.219637328080524
"y[1151]",1.42900089241669
"y[1152]",-1.57504890040747
"y[1153]",-0.675269484781106
"y[1154]",0.0949061512616499
"y[1155]",1.18115900787314
"y[1156]",-0.63362215356429
"y[1157]",-1.46714431892194
"y[1158]",-0.998438168595947
"y[1159]",0.0933979194232513
"y[1160]",-1.3110039319513
"y[1161]",-0.0779055275037139
"y[1162]",-1.05018206530154
"y[1163]",-1.49891733888823
"y[1164]",0.668083850431918
"y[1165]",-0.077413564128446
"y[1166]",-0.502668194981664
"y[1167]",-0.314106331138016
"y[1168]",-1.14660421621956
"y[1169]",-1.08787963903356
"y[1170]",-1.80633553484895
"y[1171]",0.558289646368829
"y[1172]",-1.83024927295935
"y[1173]",0.613558082407665
"y[1174]",0.932660391223516
"y[1175]",-0.815541618500214
"y[1176]",-1.93590043801588
"y[1177]",-0.78805141291507
"y[1178]",-1.95154353935592
"y[1179]",-1.69405459601062
"y[1180]",0.508129299207953
"y[1181]",-0.383465125026449
"y[1182]",-1.06515638808009
"y[1183]",1.0825051704539
"y[1184]",-1.15914130222387
"y[1185]",0.221122950160383
"y[1186]",-1.42649691315188
"y[1187]",0.399743214190336
"y[1188]",-0.685769916834932
"y[1189]",-1.19716571076392
"y[1190]",-0.988878462793986
"y[1191]",-1.08571483823737
"y[1192]",-0.11787602866519
"y[1193]",0.172142185273262
"y[1194]",-1.50919217824335
"y[1195]",-0.0656865051723249
"y[1196]",-0.0749077838239398
"y[1197]",-1.56072529174239
"y[1198]",-2.32286303919006
"y[1199]",-1.72323640950615
"y[1200]",-1.10135052891346
"y[1201]",-0.287850862247924
"y[1202]",0.807288584890949
"y[1203]",-1.8284919423989
"y[1204]",1.28440950956137
"y[1205]",0.596725766196342
"y[1206]",-0.612982497315827
"y[1207]",-1.09900275936357
"y[1208]",-1.76670965526993
"y[1209]",-2.85051885812392
"y[1210]",0.988527562309726
"y[1211]",-0.572610377782029
"y[1212]",0.555607186709774
"y[1213]",0.634998847913203
"y[1214]",-0.441415224610516
"y[1215]",0.867280064909382
"y[1216]",0.95291823503288
"y[1217]",-0.4167408169596
"y[1218]",0.815536516940444
"y[1219]",-1.59705369629388
"y[1220]",0.523027296301324
"y[1221]",-1.09445549077384
"y[1222]",-0.565830244009695
"y[1223]",-0.129902504377089
"y[1224]",0.647022080144437
"y[1225]",-0.368965902910038
"y[1226]",1.04981354920713
"y[1227]",-1.79949959187685
"y[1228]",0.0250362617139798
"y[1229]",-0.393136725156784
"y[1230]",-1.04610205887211
"y[1231]",0.837051278969914
"y[1232]",-0.15094918008195
"y[1233]",-1.06450164223898
"y[1234]",-2.09873494642029
"y[1235]",0.207558203220374
"y[1236]",0.423519562377605
"y[1237]",0.0316259996676253
"y[1238]",-1.13257396364937
"y[1239]",1.10399419748781
"y[1240]",-2.71430040300848
"y[1241]",-0.812963716215758
"y[1242]",-0.0470328469109113
"y[1243]",-1.49663610629014
"y[1244]",-0.225697666637528
"y[1245]",-0.0759407405521226
"y[1246]",-1.16188925687703
"y[1247]",-0.501674987402673
"y[1248]",-0.633962956760173
"y[1249]",-2.35154966660219
"y[1250]",-0.286237253072367
"y[1251]",-1.21635002784257
"y[1252]",1.23143380059118
"y[1253]",0.27768494661041
"y[1254]",-1.47570032282825
"y[1255]",0.0841593707780107
"y[1256]",0.775052458536112
"y[1257]",0.416864382826773
"y[1258]",0.340030295142417
"y[1259]",-1.40283265827732
"y[1260]",-1.05844364580353
"y[1261]",-0.733956510932914
"y[1262]",1.38153292428499
"y[1263]",-0.784243329223461
"y[1264]",-1.47421950297389
"y[1265]",0.22355231638956
"y[1266]",1.34407818112665
"y[1267]",-0.429771025339309
"y[1268]",0.617018987099282
"y[1269]",0.628470731459587
"y[1270]",1.29180346443744
"y[1271]",-1.39466131568436
"y[1272]",1.64097168639523
"y[1273]",-1.0180112627977
"y[1274]",0.399352295413721
"y[1275]",-0.783278810060768
"y[1276]",-0.248412215392958
"y[1277]",0.316799041100815
"y[1278]",-0.895604599228814
"y[1279]",-1.64926292212551
"y[1280]",-1.17222347725532
"y[1281]",-2.19767809726355
"y[1282]",-0.441594990560962
"y[1283]",-1.67341824583482
"y[1284]",-0.0975020696307822
"y[1285]",-0.908764673474455
"y[1286]",-1.92611706133247
"y[1287]",-1.08533448876882
"y[1288]",0.0152246425666881
"y[1289]",1.7903061199319
"y[1290]",-1.88994450428024
"y[1291]",-2.64324828159197
"y[1292]",-1.25350767971129
"y[1293]",0.0189334426221302
"y[1294]",0.339413604674828
"y[1295]",-0.228698660478765
"y[1296]",-0.987256328765705
"y[1297]",-1.54759913913735
"y[1298]",0.885625678421561
"y[1299]",-1.94327490436096
"y[1300]",0.5750782681391
"y[1301]",0.334818889523708
"y[1302]",-0.306198058045789
"y[1303]",-0.934947504214323
"y[1304]",0.973075200010596
"y[1305]",0.0525706450656307
"y[1306]",1.16840295411896
"y[1307]",-1.00767787681761
"y[1308]",0.810729831242194
"y[1309]",0.56617392309897
"y[1310]",-1.11509084426045
"y[1311]",1.11170996986405
"y[1312]",-0.464270636423905
"y[1313]",0.383331677258734
"y[1314]",1.32288280109078
"y[1315]",-0.37990473277313
"y[1316]",0.807023782636582
"y[1317]",-0.507549161939017
"y[1318]",0.138707723737473
"y[1319]",1.05254943965092
"y[1320]",-0.93718886231699
"y[1321]",-1.89165902477369
"y[1322]",1.71301231822281
"y[1323]",-0.689100081695728
"y[1324]",0.736701465859067
"y[1325]",-1.15463559456462
