depth_mm,age_calBP,d18OcarbVPDB
349.270,2386.36,-9.23
349.330,2386.61,-9.16
349.390,2386.86,-9.13
349.450,2387.11,-9.08
349.510,2387.36,-9.14
349.570,2387.61,-9.03
349.630,2387.86,-9.27
349.690,2388.11,-9.27
349.750,2388.36,-9.20
349.810,2388.61,-9.23
349.870,2388.86,-9.18
349.930,2389.11,-9.18
349.990,2389.36,-9.10
350.050,2389.61,-9.04
350.110,2389.86,-9.22
350.170,2390.11,-9.41
350.230,2390.36,-9.44
350.290,2390.61,-9.51
350.350,2390.86,-9.51
350.410,2391.11,-9.48
350.470,2391.36,-9.64
350.530,2391.61,-9.42
350.590,2391.86,-9.42
350.650,2392.11,-9.37
350.710,2392.36,-9.42
350.770,2392.61,-9.31
350.830,2392.86,-9.41
350.890,2393.11,-9.29
350.950,2393.36,-9.45
351.010,2393.61,-9.31
351.070,2393.86,-9.27
351.130,2394.11,-9.32
351.190,2394.36,-9.31
351.250,2394.61,-9.21
351.310,2394.86,-9.24
351.370,2395.11,-9.33
351.430,2395.36,-9.28
351.490,2395.61,-9.37
351.550,2395.86,-9.35
351.610,2396.11,-9.24
351.670,2396.36,-9.22
351.730,2396.61,-9.25
351.790,2396.86,-9.20
351.850,2397.11,-9.28
351.910,2397.36,-9.37
351.970,2397.61,-9.33
352.030,2397.86,-9.26
352.090,2398.11,-9.26
352.150,2398.36,-9.19
352.210,2398.61,-9.22
352.270,2398.86,-9.32
352.330,2399.11,-9.23
352.390,2399.36,-9.22
352.450,2399.61,-9.21
352.510,2399.86,-9.21
352.570,2400.11,-9.32
352.630,2400.36,-9.06
352.690,2400.61,-9.29
352.750,2400.86,-9.26
352.810,2401.11,-9.16
352.870,2401.36,-9.29
352.930,2401.61,-9.31
352.990,2401.86,-9.31
353.050,2402.11,-9.10
353.110,2402.36,-9.13
353.170,2402.61,-9.15
353.230,2402.86,-9.29
353.290,2403.11,-9.31
353.350,2403.36,-9.15
353.410,2403.61,-9.34
353.470,2403.86,-9.29
353.530,2404.11,-9.23
353.590,2404.36,-9.37
353.650,2404.61,-9.39
353.710,2404.86,-9.34
353.770,2405.11,-9.32
353.830,2405.36,-9.40
353.890,2405.61,-9.37
353.950,2405.86,-9.41
354.010,2406.11,-9.40
354.070,2406.36,-9.40
354.130,2406.61,-9.26
354.190,2406.86,-9.36
354.250,2407.11,-9.33
354.310,2407.36,-9.49
354.370,2407.61,-9.52
354.430,2407.86,-9.46
354.490,2408.11,-9.38
354.550,2408.36,-9.51
354.610,2408.61,-9.44
354.670,2408.86,-9.41
354.730,2409.11,-9.35
354.790,2409.36,-9.32
354.850,2409.61,-9.44
354.910,2409.86,-9.37
354.970,2410.11,-9.47
355.030,2410.36,-9.46
355.090,2410.61,-9.43
355.150,2410.86,-9.52
355.210,2411.11,-9.49
355.270,2411.36,-9.47
355.330,2411.61,-9.50
355.390,2411.86,-9.44
355.450,2412.11,-9.41
355.510,2412.36,-9.42
355.570,2412.61,-9.42
355.630,2412.86,-9.45
355.690,2413.11,-9.37
355.750,2413.36,-9.49
355.810,2413.61,-9.43
355.870,2413.86,-9.53
355.930,2414.11,-9.44
355.990,2414.36,-9.47
356.050,2414.61,-9.47
356.110,2414.86,-9.43
356.170,2415.11,-9.51
356.230,2415.36,-9.48
356.290,2415.61,-9.28
356.350,2415.86,-9.42
356.410,2416.11,-9.30
356.470,2416.36,-9.21
356.530,2416.61,-9.28
356.590,2416.86,-9.39
356.650,2417.11,-9.26
356.710,2417.36,-9.40
356.770,2417.61,-9.34
356.830,2417.86,-9.44
356.890,2418.11,-9.32
356.950,2418.36,-9.37
357.010,2418.61,-9.40
357.070,2418.86,-9.30
357.130,2419.11,-9.30
357.190,2419.36,-9.44
357.250,2419.61,-9.39
357.310,2419.86,-9.46
357.370,2420.11,-9.45
357.430,2420.36,-9.45
357.490,2420.61,-9.34
357.550,2420.86,-9.15
357.610,2421.11,-9.22
357.670,2421.36,-9.32
357.730,2421.61,-9.26
357.790,2421.86,-9.46
357.850,2422.11,-9.55
357.910,2422.36,-9.55
357.970,2422.61,-9.46
358.030,2422.86,-9.49
358.090,2423.11,-9.45
358.150,2423.36,-9.42
358.210,2423.61,-9.38
358.270,2423.86,-9.22
358.330,2424.11,-9.25
358.390,2424.36,-9.30
358.450,2424.61,-9.31
358.510,2424.86,-9.35
358.570,2425.11,-9.41
358.630,2425.36,-9.43
358.690,2425.61,-9.40
358.750,2425.86,-9.43
358.810,2426.11,-9.45
358.870,2426.36,-9.42
358.930,2426.61,-9.32
358.990,2426.86,-9.38
359.050,2427.11,-9.40
359.110,2427.36,-9.32
359.170,2427.61,-9.26
359.230,2427.86,-9.21
359.290,2428.11,-9.24
359.350,2428.36,-9.39
359.410,2428.61,-9.40
359.470,2428.86,-9.24
359.530,2429.11,-9.45
359.590,2429.36,-9.56
359.650,2429.61,-9.50
359.710,2429.86,-9.48
359.770,2430.11,-9.40
359.830,2430.36,-9.43
359.890,2430.61,-9.47
359.950,2430.86,-9.38
360.010,2431.11,-9.36
360.070,2431.36,-9.41
360.130,2431.61,-9.49
360.190,2431.86,-9.37
360.250,2432.11,-9.44
360.310,2432.36,-9.48
360.370,2432.61,-9.45
360.430,2432.86,-9.42
360.490,2433.11,-9.38
360.550,2433.36,-9.43
360.610,2433.61,-9.47
360.670,2433.86,-9.39
360.730,2434.11,-9.33
360.790,2434.36,-9.45
360.850,2434.61,-9.43
360.910,2434.86,-9.35
360.970,2435.11,-9.48
361.030,2435.36,-9.36
361.090,2435.61,-9.35
361.150,2435.86,-9.42
361.210,2436.11,-9.49
361.270,2436.36,-9.35
361.330,2436.61,-9.42
361.390,2436.86,-9.29
361.450,2437.11,-9.47
361.510,2437.36,-9.39
361.570,2437.61,-9.44
361.630,2437.86,-9.50
361.690,2438.11,-9.55
361.750,2438.36,-9.51
361.810,2438.61,-9.42
361.870,2438.86,-9.47
361.930,2439.11,-9.45
361.990,2439.36,-9.55
362.050,2439.61,-9.45
362.110,2439.86,-9.53
362.170,2440.11,-9.52
362.230,2440.36,-9.43
362.290,2440.61,-9.46
362.350,2440.86,-9.58
362.410,2441.11,-9.53
362.470,2441.36,-9.57
362.530,2441.61,-9.62
362.590,2441.86,-9.57
362.650,2442.11,-9.65
362.710,2442.36,-9.57
362.770,2442.61,-9.64
362.830,2442.86,-9.57
362.890,2443.11,-9.45
362.950,2443.36,-9.41
363.010,2443.61,-9.42
363.070,2443.86,-9.45
363.130,2444.11,-9.52
363.190,2444.36,-9.46
363.250,2444.61,-9.44
363.310,2444.86,-9.51
363.370,2445.11,-9.48
363.430,2445.36,-9.43
363.490,2445.61,-9.42
363.550,2445.86,-9.38
363.610,2446.11,-9.40
363.670,2446.36,-9.40
363.730,2446.61,-9.41
363.790,2446.86,-9.43
363.850,2447.11,-9.35
363.910,2447.36,-9.41
363.970,2447.61,-9.40
364.030,2447.86,-9.46
364.090,2448.11,-9.45
364.150,2448.36,-9.44
364.210,2448.61,-9.50
364.270,2448.86,-9.56
364.330,2449.11,-9.66
364.390,2449.36,-9.57
364.450,2449.61,-9.67
364.510,2449.86,-9.65
364.570,2450.11,-9.52
364.630,2450.36,-9.50
364.690,2450.61,-9.52
364.750,2450.86,-9.46
364.810,2451.11,-9.47
364.870,2451.36,-9.52
364.930,2451.61,-9.40
364.990,2451.86,-9.58
365.050,2452.11,-9.64
365.110,2452.36,-9.45
365.170,2452.61,-9.43
365.230,2452.86,-9.55
365.290,2453.11,-9.57
365.350,2453.36,-9.60
365.410,2453.61,-9.59
365.470,2453.86,-9.58
365.530,2454.11,-9.58
365.590,2454.36,-9.75
365.650,2454.61,-9.67
365.710,2454.86,-9.87
365.770,2455.11,-9.73
365.830,2455.36,-9.68
365.890,2455.61,-9.79
365.950,2455.86,-9.68
366.010,2456.11,-9.68
366.070,2456.36,-9.53
366.130,2456.61,-9.59
366.190,2456.86,-9.67
366.250,2457.11,-9.73
366.310,2457.36,-9.59
366.370,2457.61,-9.72
366.430,2457.86,-9.68
366.490,2458.11,-9.74
366.550,2458.36,-9.72
366.610,2458.61,-9.67
366.670,2458.86,-9.76
366.730,2459.11,-9.74
366.790,2459.36,-9.72
366.850,2459.61,-9.73
366.910,2459.86,-9.70
366.970,2460.11,-9.72
367.030,2460.36,-9.65
367.090,2460.61,-9.65
367.150,2460.86,-9.54
367.210,2461.11,-9.66
367.270,2461.36,-9.62
367.330,2461.61,-9.61
367.390,2461.86,-9.52
367.450,2462.11,-9.71
367.510,2462.36,-9.72
367.570,2462.61,-9.63
367.630,2462.86,-9.58
367.690,2463.11,-9.55
367.750,2463.36,-9.58
367.810,2463.61,-9.56
367.870,2463.86,-9.58
367.930,2464.11,-9.59
367.990,2464.36,-9.50
368.050,2464.61,-9.55
368.110,2464.86,-9.33
368.170,2465.11,-9.49
368.230,2465.36,-9.56
368.290,2465.61,-9.49
368.350,2465.86,-9.39
368.410,2466.11,-9.49
368.470,2466.36,-9.54
368.530,2466.61,-9.53
368.590,2466.86,-9.50
368.650,2467.11,-9.56
368.710,2467.36,-9.60
368.770,2467.61,-9.38
368.830,2467.86,-9.36
368.890,2468.11,-9.40
368.950,2468.36,-9.45
369.010,2468.61,-9.37
369.070,2468.86,-9.44
369.130,2469.11,-9.33
369.190,2469.36,-9.43
369.250,2469.61,-9.33
369.310,2469.86,-9.43
369.370,2470.11,-9.41
369.430,2470.36,-9.45
369.490,2470.61,-9.39
369.550,2470.86,-9.53
369.610,2471.11,-9.50
369.670,2471.36,-9.52
369.730,2471.61,-9.62
369.790,2471.86,-9.59
369.850,2472.11,-9.64
369.910,2472.36,-9.65
369.970,2472.61,-9.67
370.030,2472.86,-9.68
370.090,2473.11,-9.62
370.150,2473.36,-9.72
370.210,2473.61,-9.70
370.270,2473.86,-9.60
370.330,2474.11,-9.69
370.390,2474.36,-9.71
370.450,2474.61,-9.67
370.510,2474.86,-9.69
370.570,2475.11,-9.63
370.630,2475.36,-9.62
370.690,2475.61,-9.54
370.750,2475.86,-9.56
370.810,2476.11,-9.59
370.870,2476.36,-9.43
370.930,2476.61,-9.54
370.990,2476.86,-9.47
371.050,2477.11,-9.49
371.110,2477.36,-9.41
371.170,2477.61,-9.27
371.230,2477.86,-9.53
371.290,2478.11,-9.51
371.350,2478.36,-9.60
371.410,2478.61,-9.39
371.470,2478.86,-9.45
371.530,2479.11,-9.53
371.590,2479.36,-9.56
371.650,2479.61,-9.64
371.710,2479.86,-9.58
371.770,2480.11,-9.54
371.830,2480.36,-9.62
371.890,2480.61,-9.75
371.950,2480.86,-9.59
372.010,2481.11,-9.65
372.070,2481.36,-9.65
372.130,2481.61,-9.56
372.190,2481.86,-9.59
372.250,2482.11,-9.60
372.310,2482.36,-9.50
372.370,2482.61,-9.60
372.430,2482.86,-9.52
372.490,2483.11,-9.51
372.550,2483.36,-9.44
372.610,2483.61,-9.39
372.670,2483.86,-9.34
372.730,2484.11,-9.37
372.790,2484.36,-9.34
372.850,2484.61,-9.37
372.910,2484.86,-9.31
372.970,2485.11,-9.49
373.030,2485.36,-9.50
373.090,2485.61,-9.69
373.150,2485.86,-9.66
373.210,2486.11,-9.40
373.270,2486.36,-9.58
373.330,2486.61,-9.65
373.390,2486.86,-9.69
373.450,2487.11,-9.53
373.510,2487.36,-9.60
373.570,2487.61,-9.65
373.630,2487.86,-9.74
373.690,2488.11,-9.74
373.750,2488.36,-9.66
373.810,2488.61,-10.01
373.870,2488.86,-9.96
373.930,2489.11,-9.99
373.990,2489.36,-9.87
374.050,2489.61,-9.96
374.110,2489.86,-9.97
374.170,2490.11,-9.90
374.230,2490.36,-9.92
374.290,2490.61,-9.86
374.350,2490.86,-9.95
374.410,2491.11,-10.08
374.470,2491.36,-9.93
374.530,2491.61,-10.03
374.590,2491.86,-10.13
374.650,2492.11,-10.07
374.710,2492.36,-9.94
374.770,2492.61,-10.06
374.830,2492.86,-10.01
374.890,2493.11,-9.84
374.950,2493.36,-9.89
375.010,2493.61,-9.87
375.070,2493.86,-9.87
375.130,2494.11,-9.87
375.190,2494.36,-9.90
375.250,2494.61,-10.05
375.310,2494.86,-10.10
375.370,2495.11,-10.05
375.430,2495.36,-9.95
375.490,2495.61,-9.81
375.550,2495.86,-9.95
375.610,2496.11,-10.03
375.670,2496.36,-9.88
375.730,2496.61,-9.86
375.790,2496.86,-9.89
375.850,2497.11,-9.78
375.910,2497.36,-9.74
375.970,2497.61,-9.90
376.030,2497.86,-9.75
376.090,2498.11,-9.86
376.150,2498.36,-9.74
376.210,2498.61,-9.77
376.270,2498.86,-9.75
376.330,2499.11,-9.66
376.390,2499.36,-9.72
376.450,2499.61,-9.74
376.510,2499.86,-9.61
376.570,2500.11,-9.69
376.630,2500.36,-9.73
376.690,2500.61,-9.84
376.750,2500.86,-9.69
376.810,2501.11,-9.63
376.870,2501.36,-9.82
376.930,2501.61,-9.64
376.990,2501.86,-9.74
377.050,2502.11,-9.68
377.110,2502.36,-9.81
377.170,2502.61,-9.86
377.230,2502.86,-9.91
377.290,2503.11,-9.92
377.350,2503.36,-9.82
377.410,2503.61,-9.96
377.470,2503.86,-9.87
377.530,2504.11,-9.87
377.590,2504.36,-9.87
377.650,2504.61,-9.65
377.710,2504.86,-9.78
377.770,2505.11,-9.76
377.830,2505.36,-9.66
377.890,2505.61,-9.59
377.950,2505.86,-9.64
378.010,2506.11,-9.61
378.070,2506.36,-9.56
378.130,2506.61,-9.52
378.190,2506.86,-9.56
378.250,2507.11,-9.53
378.310,2507.36,-9.45
378.370,2507.61,-9.58
378.430,2507.86,-9.54
378.490,2508.11,-9.49
378.550,2508.36,-9.63
378.610,2508.61,-9.67
378.670,2508.86,-9.58
378.730,2509.11,-9.54
378.790,2509.36,-9.61
378.850,2509.61,-9.62
378.910,2509.86,-9.63
378.970,2510.11,-9.66
379.030,2510.36,-9.67
379.090,2510.61,-9.71
379.150,2510.86,-9.74
379.210,2511.11,-9.85
379.270,2511.36,-9.70
379.330,2511.61,-9.93
379.390,2511.86,-9.73
379.450,2512.11,-9.91
379.510,2512.36,-9.93
379.570,2512.61,-9.95
379.630,2512.86,-9.93
379.690,2513.11,-9.99
379.750,2513.36,-10.00
379.810,2513.61,-9.89
379.870,2513.86,-10.02
379.930,2514.11,-10.00
379.990,2514.36,-10.06
380.050,2514.61,-9.90
380.110,2514.86,-9.98
380.170,2515.11,-9.98
380.230,2515.36,-9.89
380.290,2515.61,-9.90
380.350,2515.86,-9.99
380.410,2516.11,-9.80
380.470,2516.36,-9.81
380.530,2516.61,-9.82
380.590,2516.86,-10.01
380.650,2517.11,-9.94
380.710,2517.36,-9.96
380.770,2517.61,-9.96
380.830,2517.86,-9.87
380.890,2518.11,-9.95
380.950,2518.36,-9.93
381.010,2518.61,-9.90
381.070,2518.86,-9.92
381.130,2519.11,-9.89
381.190,2519.36,-9.89
381.250,2519.61,-9.94
381.310,2519.86,-9.97
381.370,2520.11,-10.04
381.430,2520.36,-9.76
381.490,2520.61,-9.90
381.550,2520.86,-10.14
381.610,2521.11,-9.98
381.670,2521.36,-9.95
381.730,2521.61,-9.86
381.790,2521.86,-9.85
381.850,2522.11,-9.79
381.910,2522.36,-9.72
381.970,2522.61,-9.54
382.030,2522.86,-9.75
382.090,2523.11,-9.77
382.150,2523.36,-9.72
382.210,2523.61,-9.64
382.270,2523.86,-9.76
382.330,2524.11,-9.59
382.390,2524.36,-9.64
382.450,2524.61,-9.36
382.510,2524.86,-9.44
382.570,2525.11,-9.59
382.630,2525.36,-9.44
382.690,2525.61,-9.39
382.750,2525.86,-9.43
382.810,2526.11,-9.47
382.870,2526.36,-9.56
382.930,2526.61,-9.52
382.990,2526.86,-9.42
383.050,2527.11,-9.54
383.110,2527.36,-9.51
383.170,2527.61,-9.48
383.230,2527.86,-9.57
383.290,2528.11,-9.46
383.350,2528.36,-9.60
383.410,2528.61,-9.57
383.470,2528.86,-9.77
383.530,2529.11,-9.76
383.590,2529.36,-9.73
383.650,2529.61,-9.65
383.710,2529.86,-9.58
383.770,2530.11,-9.59
383.830,2530.36,-9.59
383.890,2530.61,-9.72
383.950,2530.86,-9.80
384.010,2531.11,-9.81
384.070,2531.36,-9.52
384.130,2531.61,-9.69
384.190,2531.86,-9.60
384.250,2532.11,-9.46
384.310,2532.36,-9.47
384.370,2532.61,-9.61
384.430,2532.86,-9.54
384.490,2533.11,-9.52
384.550,2533.36,-9.43
384.610,2533.61,-9.51
384.670,2533.86,-9.48
384.730,2534.11,-9.34
384.790,2534.36,-9.32
384.850,2534.61,-9.30
384.910,2534.86,-9.37
384.970,2535.11,-9.37
385.030,2535.36,-9.47
385.090,2535.61,-9.43
385.150,2535.86,-9.70
385.210,2536.11,-9.42
385.270,2536.36,-9.43
385.330,2536.61,-9.60
385.390,2536.86,-9.51
385.450,2537.11,-9.58
385.510,2537.36,-9.36
385.570,2537.61,-9.40
385.630,2537.86,-9.48
385.690,2538.11,-9.39
385.750,2538.36,-9.46
385.810,2538.61,-9.54
385.870,2538.86,-9.56
385.930,2539.11,-9.61
385.990,2539.36,-9.59
386.050,2539.61,-9.64
386.110,2539.86,-9.63
386.170,2540.11,-9.63
386.230,2540.36,-9.67
386.290,2540.61,-9.67
386.350,2540.86,-9.61
386.410,2541.11,-9.69
386.470,2541.36,-9.63
386.530,2541.61,-9.69
386.590,2541.86,-9.78
386.650,2542.11,-9.62
386.710,2542.36,-9.68
386.770,2542.61,-9.67
386.830,2542.86,-9.63
386.890,2543.11,-9.59
386.950,2543.36,-9.71
387.010,2543.61,-9.72
387.070,2543.86,-9.61
387.130,2544.11,-9.50
387.190,2544.36,-9.54
387.250,2544.61,-9.55
387.310,2544.86,-9.68
387.370,2545.11,-9.59
387.430,2545.36,-9.68
387.490,2545.61,-9.62
387.550,2545.86,-9.67
387.610,2546.11,-9.53
387.670,2546.36,-9.64
387.730,2546.61,-9.67
387.790,2546.86,-9.65
387.850,2547.11,-9.30
387.910,2547.36,-9.51
387.970,2547.61,-9.61
388.030,2547.86,-9.55
388.090,2548.11,-9.65
388.150,2548.36,-9.53
388.210,2548.61,-9.50
388.270,2548.86,-9.42
388.330,2549.11,-9.60
388.390,2549.36,-9.48
388.450,2549.61,-9.44
388.510,2549.86,-9.52
388.570,2550.11,-9.48
388.630,2550.36,-9.58
388.690,2550.61,-9.56
388.750,2550.86,-9.58
388.810,2551.11,-9.59
388.870,2551.36,-9.61
388.930,2551.61,-9.61
388.990,2551.86,-9.56
389.050,2552.11,-9.57
389.110,2552.36,-9.56
389.170,2552.61,-9.52
389.230,2552.86,-9.52
389.290,2553.11,-9.36
389.350,2553.36,-9.29
389.410,2553.61,-9.45
389.470,2553.86,-9.46
389.530,2554.11,-9.42
389.590,2554.36,-9.46
389.650,2554.61,-9.57
389.710,2554.86,-9.50
389.770,2555.11,-9.50
389.830,2555.36,-9.39
389.890,2555.61,-9.52
389.950,2555.86,-9.46
390.010,2556.11,-9.50
390.070,2556.36,-9.59
390.130,2556.61,-9.48
390.190,2556.86,-9.43
390.250,2557.11,-9.52
390.310,2557.36,-9.56
390.370,2557.61,-9.47
390.430,2557.86,-9.45
390.490,2558.11,-9.33
390.550,2558.36,-9.64
390.610,2558.61,-9.67
390.670,2558.86,-9.43
390.730,2559.11,-9.65
390.790,2559.36,-9.53
390.850,2559.61,-9.56
390.910,2559.86,-9.72
390.970,2560.11,-9.42
391.030,2560.36,-9.60
391.090,2560.61,-9.65
391.150,2560.86,-9.68
391.210,2561.11,-9.62
391.270,2561.36,-9.30
391.330,2561.61,-9.62
391.390,2561.86,-9.51
391.450,2562.11,-9.57
391.510,2562.36,-8.96
391.570,2562.61,-9.48
391.630,2562.86,-9.44
391.690,2563.11,-9.15
391.750,2563.36,-9.50
391.810,2563.61,-9.46
391.870,2563.86,-9.26
391.930,2564.11,-9.55
391.990,2564.36,-9.39
392.050,2564.61,-9.27
392.110,2564.86,-9.57
392.170,2565.11,-9.45
392.230,2565.36,-9.52
392.290,2565.61,-9.27
392.350,2565.86,-9.61
392.410,2566.11,-9.40
392.470,2566.36,-9.55
392.530,2566.61,-9.45
392.590,2566.86,-9.48
392.650,2567.11,-9.48
392.710,2567.36,-9.36
392.770,2567.61,-9.42
392.830,2567.86,-9.17
392.890,2568.11,-9.38
392.950,2568.36,-9.33
393.010,2568.61,-9.35
393.070,2568.86,-9.44
393.130,2569.11,-9.40
393.190,2569.36,-9.42
393.250,2569.61,-9.42
393.310,2569.86,-9.39
393.370,2570.11,-9.32
393.430,2570.36,-9.43
393.490,2570.61,-9.40
393.550,2570.86,-9.44
393.610,2571.11,-9.35
393.670,2571.36,-9.42
393.730,2571.61,-9.38
393.790,2571.86,-9.12
393.850,2572.11,-9.44
393.910,2572.36,-9.47
393.970,2572.61,-9.47
394.030,2572.86,-9.49
394.090,2573.11,-9.50
394.150,2573.36,-9.45
394.210,2573.61,-9.19
394.270,2573.86,-9.46
394.330,2574.11,-9.42
394.390,2574.36,-9.47
394.450,2574.61,-9.45
394.510,2574.86,-9.50
394.570,2575.11,-9.50
394.630,2575.36,-9.40
394.690,2575.61,-9.48
394.750,2575.86,-9.47
394.810,2576.11,-9.32
394.870,2576.36,-9.51
394.930,2576.61,-9.46
394.990,2576.86,-9.44
395.050,2577.11,-9.44
395.110,2577.36,-9.54
395.170,2577.61,-9.49
395.230,2577.86,-9.45
395.290,2578.11,-9.47
395.350,2578.36,-9.51
395.410,2578.61,-9.46
395.470,2578.86,-9.57
395.530,2579.11,-9.57
395.590,2579.36,-9.50
395.650,2579.61,-9.56
395.710,2579.86,-9.60
395.770,2580.11,-9.57
395.830,2580.36,-9.08
395.890,2580.61,-9.46
395.950,2580.86,-9.42
396.010,2581.11,-9.47
396.070,2581.36,-9.42
396.130,2581.61,-9.50
396.190,2581.86,-9.50
396.250,2582.11,-9.48
396.310,2582.36,-9.43
396.370,2582.61,-9.48
396.430,2582.86,-9.56
396.490,2583.11,-9.49
396.550,2583.36,-9.51
396.610,2583.61,-9.55
396.670,2583.86,-9.59
396.730,2584.11,-9.56
396.790,2584.36,-9.50
396.850,2584.61,-9.52
396.910,2584.86,-9.48
396.970,2585.11,-9.52
397.030,2585.36,-9.59
397.090,2585.61,-9.60
397.150,2585.86,-9.59
397.210,2586.11,-9.63
397.270,2586.36,-9.64
397.330,2586.61,-9.64
397.390,2586.86,-9.69
397.450,2587.11,-9.56
397.510,2587.36,-9.72
397.570,2587.61,-9.63
397.630,2587.86,-9.55
397.690,2588.11,-9.37
397.750,2588.36,-9.41
397.810,2588.61,-9.47
397.870,2588.86,-9.45
397.930,2589.11,-9.48
397.990,2589.36,-9.50
398.050,2589.61,-9.29
398.110,2589.86,-9.40
398.170,2590.11,-9.42
398.230,2590.36,-9.35
398.290,2590.61,-9.33
398.350,2590.86,-9.29
398.410,2591.11,-9.40
398.470,2591.36,-9.44
398.530,2591.61,-9.05
398.590,2591.86,-9.46
398.650,2592.11,-9.56
398.710,2592.36,-9.49
398.770,2592.61,-9.61
398.830,2592.86,-9.35
398.890,2593.11,-9.57
398.950,2593.36,-9.39
399.010,2593.61,-9.49
399.070,2593.86,-9.47
399.130,2594.11,-9.47
399.190,2594.36,-9.27
399.250,2594.61,-9.47
399.310,2594.86,-9.54
399.370,2595.11,-9.28
399.430,2595.36,-9.32
399.490,2595.61,-9.24
399.550,2595.86,-9.32
399.610,2596.11,-9.34
399.670,2596.36,-9.45
399.730,2596.61,-9.38
399.790,2596.86,-9.46
399.850,2597.11,-9.36
399.910,2597.36,-9.47
399.970,2597.61,-9.58
400.030,2597.86,-9.39
474.630,3234.12,-9.65
474.660,3234.37,-9.58
474.690,3234.62,-9.53
474.720,3234.87,-9.58
474.750,3235.12,-9.70
474.780,3235.37,-9.63
474.810,3235.62,-9.58
474.840,3235.87,-9.64
474.870,3236.12,-9.62
474.900,3236.37,-9.60
474.930,3236.62,-9.66
474.960,3236.87,-9.60
474.990,3237.12,-9.66
475.020,3237.37,-9.49
475.050,3237.62,-9.57
475.080,3237.87,-9.60
475.110,3238.12,-9.52
475.140,3238.37,-9.44
475.170,3238.62,-9.72
475.200,3238.87,-9.80
475.230,3239.12,-9.74
475.260,3239.37,-9.66
475.290,3239.62,-9.72
475.320,3239.87,-9.67
475.350,3240.12,-9.62
475.380,3240.37,-9.79
475.410,3240.62,-9.83
475.440,3240.87,-9.81
475.470,3241.12,-9.60
475.500,3241.37,-9.77
475.530,3241.62,-9.73
475.560,3241.87,-9.77
475.590,3242.12,-9.73
475.620,3242.37,-9.82
475.650,3242.62,-9.71
475.680,3242.87,-9.72
475.710,3243.12,-9.73
475.740,3243.37,-9.88
475.770,3243.62,-9.77
475.800,3243.87,-9.66
475.830,3244.12,-9.73
475.860,3244.37,-9.68
475.890,3244.62,-9.68
475.920,3244.87,-9.69
475.950,3245.12,-9.77
475.980,3245.37,-9.84
476.010,3245.62,-9.63
476.040,3245.87,-9.79
476.070,3246.12,-9.67
476.100,3246.37,-9.88
476.130,3246.62,-9.73
476.160,3246.87,-9.70
476.190,3247.12,-9.63
476.220,3247.37,-9.65
476.250,3247.62,-9.72
476.280,3247.87,-9.80
476.310,3248.12,-9.65
476.340,3248.37,-9.92
476.370,3248.62,-9.80
476.400,3248.87,-9.83
476.430,3249.12,-9.82
476.460,3249.37,-9.84
476.490,3249.62,-9.81
476.520,3249.87,-9.83
476.550,3250.12,-9.65
476.580,3250.37,-9.70
476.610,3250.62,-9.74
476.640,3250.87,-9.93
476.670,3251.12,-9.79
476.700,3251.37,-9.75
476.730,3251.62,-9.82
476.760,3251.87,-9.89
476.790,3252.12,-9.85
476.820,3252.37,-10.01
476.850,3252.62,-9.72
476.880,3252.87,-9.83
476.910,3253.12,-9.87
476.940,3253.37,-9.79
476.970,3253.62,-9.82
477.000,3253.87,-9.88
477.030,3254.12,-9.85
477.060,3254.37,-9.87
477.090,3254.62,-9.87
477.120,3254.87,-9.73
477.150,3255.12,-9.73
477.180,3255.37,-9.83
477.210,3255.62,-9.94
477.240,3255.87,-9.88
477.270,3256.12,-10.06
477.300,3256.37,-9.84
477.330,3256.62,-9.91
477.360,3256.87,-9.94
477.390,3257.12,-9.81
477.420,3257.37,-9.82
477.450,3257.62,-9.81
477.480,3257.87,-9.88
477.510,3258.12,-9.89
477.540,3258.37,-9.93
477.570,3258.62,-10.00
477.600,3258.87,-9.89
477.630,3259.12,-9.97
477.660,3259.37,-9.87
477.690,3259.62,-9.76
477.720,3259.87,-9.78
477.750,3260.12,-9.90
477.780,3260.37,-9.98
477.810,3260.62,-9.99
477.840,3260.87,-9.82
477.870,3261.12,-9.79
477.900,3261.37,-9.86
477.930,3261.62,-9.77
477.960,3261.87,-9.89
477.990,3262.12,-9.79
478.020,3262.37,-9.86
478.050,3262.62,-9.83
478.080,3262.87,-9.86
478.110,3263.12,-9.89
478.140,3263.37,-9.77
478.170,3263.62,-9.68
478.200,3263.87,-9.88
478.230,3264.12,-9.76
478.260,3264.37,-9.93
478.290,3264.62,-9.86
478.320,3264.87,-9.74
478.350,3265.12,-9.76
478.380,3265.37,-9.90
478.410,3265.62,-9.86
478.440,3265.87,-9.90
478.470,3266.12,-9.94
478.500,3266.37,-9.89
478.530,3266.62,-9.91
478.560,3266.87,-9.78
478.590,3267.12,-9.88
478.620,3267.37,-9.88
478.650,3267.62,-9.93
478.680,3267.87,-9.97
478.710,3268.12,-9.90
478.740,3268.37,-9.91
478.770,3268.62,-9.87
478.800,3268.87,-9.87
478.830,3269.12,-9.95
478.860,3269.37,-9.72
478.890,3269.62,-9.68
478.920,3269.87,-9.69
478.950,3270.12,-9.71
478.980,3270.37,-9.63
479.010,3270.62,-9.89
479.040,3270.87,-9.81
479.070,3271.12,-9.78
479.100,3271.37,-9.66
479.130,3271.62,-9.69
479.160,3271.87,-9.83
479.190,3272.12,-9.82
479.220,3272.37,-9.85
479.250,3272.62,-9.77
479.280,3272.87,-9.74
479.310,3273.12,-9.81
479.340,3273.37,-9.71
479.370,3273.62,-9.79
479.400,3273.87,-9.80
479.430,3274.12,-9.86
479.460,3274.37,-9.76
479.490,3274.62,-9.78
479.520,3274.87,-9.63
479.550,3275.12,-9.55
479.580,3275.37,-9.48
479.610,3275.62,-9.47
479.640,3275.87,-9.64
479.670,3276.12,-9.81
479.700,3276.37,-9.80
479.730,3276.62,-9.86
479.760,3276.87,-9.81
479.790,3277.12,-9.60
479.820,3277.37,-9.61
479.850,3277.62,-9.61
479.880,3277.87,-9.60
479.910,3278.12,-9.82
479.940,3278.37,-9.83
479.970,3278.62,-9.77
480.000,3278.87,-9.67
480.030,3279.12,-9.62
480.060,3279.37,-9.60
480.090,3279.62,-9.59
480.120,3279.87,-9.65
480.150,3280.12,-9.71
480.180,3280.37,-9.90
480.210,3280.62,-9.77
480.240,3280.87,-9.67
480.270,3281.12,-9.59
480.300,3281.37,-9.62
480.330,3281.62,-9.69
480.360,3281.87,-9.72
480.390,3282.12,-9.75
480.420,3282.37,-9.75
480.450,3282.62,-9.69
480.480,3282.87,-9.55
480.510,3283.12,-9.69
480.540,3283.37,-9.67
480.570,3283.62,-9.80
480.600,3283.87,-9.78
480.630,3284.12,-9.75
480.660,3284.37,-9.72
480.690,3284.62,-9.78
480.720,3284.87,-9.82
480.750,3285.12,-9.75
480.780,3285.37,-9.72
480.810,3285.62,-9.67
480.840,3285.87,-9.75
480.870,3286.12,-9.58
480.900,3286.37,-9.68
480.930,3286.62,-9.78
480.960,3286.87,-9.57
480.990,3287.12,-9.73
481.020,3287.37,-9.78
481.050,3287.62,-9.77
481.080,3287.87,-9.83
481.110,3288.12,-9.92
481.140,3288.37,-9.85
481.170,3288.62,-9.77
481.200,3288.87,-9.77
481.230,3289.12,-9.76
481.260,3289.37,-9.80
481.290,3289.62,-9.74
481.320,3289.87,-9.73
481.350,3290.12,-9.77
481.380,3290.37,-9.80
481.410,3290.62,-9.63
481.440,3290.87,-9.75
481.470,3291.12,-9.85
481.500,3291.37,-9.69
481.530,3291.62,-9.88
481.560,3291.87,-9.72
481.590,3292.12,-9.74
481.620,3292.37,-9.75
481.650,3292.62,-9.82
481.680,3292.87,-9.89
481.710,3293.12,-9.79
481.740,3293.37,-9.71
481.770,3293.62,-9.60
481.800,3293.87,-9.76
481.830,3294.12,-9.76
481.860,3294.37,-9.75
481.890,3294.62,-9.71
481.920,3294.87,-9.69
481.950,3295.12,-9.71
481.980,3295.37,-9.66
482.010,3295.62,-9.76
482.040,3295.87,-9.85
482.070,3296.12,-9.73
482.100,3296.37,-9.75
482.130,3296.62,-9.90
482.160,3296.87,-9.83
482.190,3297.12,-9.73
482.220,3297.37,-9.66
482.250,3297.62,-9.79
482.280,3297.87,-9.70
482.310,3298.12,-9.74
482.340,3298.37,-9.82
482.370,3298.62,-9.81
482.400,3298.87,-9.83
482.430,3299.12,-9.73
482.460,3299.37,-9.73
482.490,3299.62,-9.85
482.520,3299.87,-9.75
482.550,3300.12,-9.67
482.580,3300.37,-9.65
482.610,3300.62,-9.76
482.640,3300.87,-9.56
482.670,3301.12,-9.69
482.700,3301.37,-9.66
482.730,3301.62,-9.62
482.760,3301.87,-9.59
482.790,3302.12,-9.69
482.820,3302.37,-9.72
482.850,3302.62,-9.71
482.880,3302.87,-9.64
482.910,3303.12,-9.84
482.940,3303.37,-9.67
482.970,3303.62,-9.76
483.000,3303.87,-9.75
483.030,3304.12,-9.54
483.060,3304.37,-9.61
483.090,3304.62,-9.50
483.120,3304.87,-9.65
483.150,3305.12,-9.64
483.180,3305.37,-9.66
483.210,3305.62,-9.58
483.240,3305.87,-9.64
483.270,3306.12,-9.59
483.300,3306.37,-9.56
483.330,3306.62,-9.55
483.360,3306.87,-9.62
483.390,3307.12,-9.76
483.420,3307.37,-9.60
483.450,3307.62,-9.65
483.480,3307.87,-9.63
483.510,3308.12,-9.80
483.540,3308.37,-9.61
483.570,3308.62,-9.65
483.600,3308.87,-9.65
483.630,3309.12,-9.63
483.660,3309.37,-9.80
483.690,3309.62,-9.63
483.720,3309.87,-9.68
483.750,3310.12,-9.65
483.780,3310.37,-9.77
483.810,3310.62,-9.81
483.840,3310.87,-9.69
483.870,3311.12,-9.71
483.900,3311.37,-9.72
483.930,3311.62,-9.90
483.960,3311.87,-9.71
483.990,3312.12,-9.67
484.020,3312.37,-9.59
484.050,3312.62,-9.71
484.080,3312.87,-9.72
484.110,3313.12,-9.73
484.140,3313.37,-9.70
484.170,3313.62,-9.70
484.200,3313.87,-9.78
484.230,3314.12,-9.69
484.260,3314.37,-9.71
484.290,3314.62,-9.71
484.320,3314.87,-9.82
484.350,3315.12,-9.82
484.380,3315.37,-9.80
484.410,3315.62,-9.79
484.440,3315.87,-9.75
484.470,3316.12,-9.74
484.500,3316.37,-9.65
484.530,3316.62,-9.66
484.560,3316.87,-9.74
484.590,3317.12,-9.80
484.620,3317.37,-9.82
484.650,3317.62,-9.91
484.680,3317.87,-9.80
484.710,3318.12,-9.70
484.740,3318.37,-9.69
484.770,3318.62,-9.67
484.800,3318.87,-9.89
484.830,3319.12,-9.84
484.860,3319.37,-9.85
484.890,3319.62,-9.78
484.920,3319.87,-9.71
484.950,3320.12,-9.73
484.980,3320.37,-9.64
485.010,3320.62,-9.70
485.040,3320.87,-9.66
485.070,3321.12,-9.78
485.100,3321.37,-9.74
485.130,3321.62,-9.86
485.160,3321.87,-9.72
485.190,3322.12,-9.60
485.220,3322.37,-9.71
485.250,3322.62,-9.86
485.280,3322.87,-9.80
485.310,3323.12,-9.75
485.340,3323.37,-9.92
485.370,3323.62,-9.89
485.400,3323.87,-9.97
485.430,3324.12,-9.83
485.460,3324.37,-9.74
485.490,3324.62,-9.78
485.520,3324.87,-9.82
485.550,3325.12,-9.75
485.580,3325.37,-9.78
485.610,3325.62,-9.78
485.640,3325.87,-9.91
485.670,3326.12,-9.87
485.700,3326.37,-9.89
485.730,3326.62,-9.88
485.760,3326.87,-9.85
485.790,3327.12,-9.85
485.820,3327.37,-9.85
485.850,3327.62,-9.85
485.880,3327.87,-9.79
485.910,3328.12,-9.80
485.940,3328.37,-9.97
485.970,3328.62,-9.94
486.000,3328.87,-9.91
486.030,3329.12,-9.77
486.060,3329.37,-9.92
486.090,3329.62,-9.85
486.120,3329.87,-9.84
486.150,3330.12,-9.94
486.180,3330.37,-10.00
486.210,3330.62,-9.88
486.240,3330.87,-9.88
486.270,3331.12,-9.72
486.300,3331.37,-9.75
486.330,3331.62,-9.93
486.360,3331.87,-9.78
486.390,3332.12,-9.88
486.420,3332.37,-9.99
486.450,3332.62,-9.86
486.480,3332.87,-9.80
486.510,3333.12,-9.84
486.540,3333.37,-9.82
486.570,3333.62,-9.86
486.600,3333.87,-9.80
486.630,3334.12,-9.78
486.660,3334.37,-9.76
486.690,3334.62,-9.79
486.720,3334.87,-9.79
486.750,3335.12,-9.78
486.780,3335.37,-9.72
486.810,3335.62,-9.86
486.840,3335.87,-9.77
486.870,3336.12,-9.78
486.900,3336.37,-9.84
486.930,3336.62,-9.78
486.960,3336.87,-9.71
486.990,3337.12,-9.74
487.020,3337.37,-9.78
487.050,3337.62,-9.80
487.080,3337.87,-9.85
487.110,3338.12,-9.83
487.140,3338.37,-9.77
487.170,3338.62,-9.87
487.200,3338.87,-9.90
487.230,3339.12,-9.92
487.260,3339.37,-9.80
487.290,3339.62,-9.85
487.320,3339.87,-9.84
487.350,3340.12,-9.83
487.380,3340.37,-9.90
487.410,3340.62,-9.92
487.440,3340.87,-9.94
487.470,3341.12,-9.74
487.500,3341.37,-9.94
487.530,3341.62,-9.72
487.560,3341.87,-9.78
487.590,3342.12,-9.75
487.620,3342.37,-9.75
487.650,3342.62,-9.73
487.680,3342.87,-9.81
487.710,3343.12,-9.81
487.740,3343.37,-9.65
487.770,3343.62,-9.75
487.800,3343.87,-9.74
487.830,3344.12,-9.83
487.860,3344.37,-9.83
487.890,3344.62,-9.82
487.920,3344.87,-9.93
487.950,3345.12,-9.81
487.980,3345.37,-9.63
488.010,3345.62,-9.67
488.040,3345.87,-9.68
488.070,3346.12,-9.55
488.100,3346.37,-9.67
488.130,3346.62,-9.71
488.160,3346.87,-9.76
488.190,3347.12,-9.61
488.220,3347.37,-9.69
488.250,3347.62,-9.81
488.280,3347.87,-9.58
488.310,3348.12,-9.68
488.340,3348.37,-9.55
488.370,3348.62,-9.63
488.400,3348.87,-9.59
488.430,3349.12,-9.62
488.460,3349.37,-9.64
488.490,3349.62,-9.56
488.520,3349.87,-9.64
488.550,3350.12,-9.60
488.580,3350.37,-9.60
488.610,3350.62,-9.77
488.640,3350.87,-9.58
488.670,3351.12,-9.67
488.700,3351.37,-9.78
488.730,3351.62,-9.60
488.760,3351.87,-9.52
488.790,3352.12,-9.69
488.820,3352.37,-9.61
488.850,3352.62,-9.65
488.880,3352.87,-9.65
488.910,3353.12,-9.53
488.940,3353.37,-9.92
488.970,3353.62,-9.49
489.000,3353.87,-9.54
489.030,3354.12,-9.75
489.060,3354.37,-9.74
489.090,3354.62,-9.52
489.120,3354.87,-9.65
489.150,3355.12,-9.75
489.180,3355.37,-9.74
489.210,3355.62,-9.63
489.240,3355.87,-9.65
489.270,3356.12,-9.76
489.300,3356.37,-9.64
489.330,3356.62,-9.76
489.360,3356.87,-9.55
489.390,3357.12,-9.66
489.420,3357.37,-9.68
489.450,3357.62,-9.78
489.480,3357.87,-9.62
489.510,3358.12,-9.72
489.540,3358.37,-9.82
489.570,3358.62,-9.70
489.600,3358.87,-9.82
489.630,3359.12,-9.84
489.660,3359.37,-9.66
489.690,3359.62,-9.59
489.720,3359.87,-9.69
489.750,3360.12,-9.72
489.780,3360.37,-9.66
489.810,3360.62,-9.75
489.840,3360.87,-9.55
489.870,3361.12,-9.64
489.900,3361.37,-9.61
489.930,3361.62,-9.61
489.960,3361.87,-9.61
489.990,3362.12,-9.52
490.020,3362.37,-9.59
490.050,3362.62,-9.43
490.080,3362.87,-9.51
490.110,3363.12,-9.47
490.140,3363.37,-9.40
490.170,3363.62,-9.50
490.200,3363.87,-9.56
490.230,3364.12,-9.59
490.260,3364.37,-9.39
490.290,3364.62,-9.49
490.320,3364.87,-9.58
490.350,3365.12,-9.57
490.380,3365.37,-9.46
490.410,3365.62,-9.47
490.440,3365.87,-9.57
490.470,3366.12,-9.67
490.500,3366.37,-9.39
490.530,3366.62,-9.37
490.560,3366.87,-9.70
490.590,3367.12,-9.71
490.620,3367.37,-9.53
490.650,3367.62,-9.39
490.680,3367.87,-9.55
490.710,3368.12,-9.69
490.740,3368.37,-9.73
490.770,3368.62,-9.70
490.800,3368.87,-9.59
490.830,3369.12,-9.66
490.860,3369.37,-9.68
490.890,3369.62,-9.82
490.920,3369.87,-9.67
490.950,3370.12,-9.68
490.980,3370.37,-9.85
491.010,3370.62,-9.87
491.040,3370.87,-9.84
491.070,3371.12,-9.81
491.100,3371.37,-9.83
491.130,3371.62,-9.70
491.160,3371.87,-9.72
491.190,3372.12,-9.85
491.220,3372.37,-9.92
491.250,3372.62,-9.48
491.280,3372.87,-9.57
491.310,3373.12,-9.76
491.340,3373.37,-9.82
491.370,3373.62,-9.86
491.400,3373.87,-9.85
491.430,3374.12,-9.76
491.460,3374.37,-9.66
491.490,3374.62,-9.68
491.520,3374.87,-9.74
491.550,3375.12,-9.69
491.580,3375.37,-9.78
491.610,3375.62,-9.69
491.640,3375.87,-9.98
491.670,3376.12,-9.87
491.700,3376.37,-9.76
491.730,3376.62,-9.66
491.760,3376.87,-9.81
491.790,3377.12,-9.58
491.820,3377.37,-9.86
491.850,3377.62,-9.77
491.880,3377.87,-9.79
491.910,3378.12,-9.80
491.940,3378.37,-9.85
491.970,3378.62,-9.80
492.000,3378.87,-9.73
492.030,3379.12,-9.85
492.060,3379.37,-9.82
492.090,3379.62,-9.90
492.120,3379.87,-9.60
492.150,3380.12,-9.77
492.180,3380.37,-9.77
492.210,3380.62,-9.76
492.240,3380.87,-9.52
492.270,3381.12,-9.89
492.300,3381.37,-9.66
492.330,3381.62,-9.90
492.360,3381.87,-9.59
492.390,3382.12,-9.73
492.420,3382.37,-9.70
492.450,3382.62,-9.58
492.480,3382.87,-9.71
492.510,3383.12,-9.55
492.540,3383.37,-9.81
492.570,3383.62,-9.76
492.600,3383.87,-9.79
743.770,5161.41,-9.39
743.800,5161.59,-9.41
743.830,5161.77,-9.34
743.860,5161.95,-9.32
743.890,5162.13,-9.49
743.920,5162.31,-9.50
743.950,5162.49,-9.41
743.980,5162.67,-9.48
744.010,5162.85,-9.43
744.040,5163.03,-9.48
744.070,5163.21,-9.44
744.100,5163.39,-9.40
744.130,5163.57,-9.45
744.160,5163.75,-9.40
744.190,5163.93,-9.31
744.220,5164.11,-9.50
744.250,5164.29,-9.33
744.280,5164.47,-9.36
744.310,5164.65,-9.43
744.340,5164.83,-9.35
744.370,5165.01,-9.41
744.400,5165.19,-9.33
744.430,5165.37,-9.38
744.460,5165.55,-9.36
744.490,5165.73,-9.34
744.520,5165.91,-9.32
744.550,5166.09,-9.35
744.580,5166.27,-9.34
744.610,5166.45,-9.43
744.640,5166.63,-9.45
744.670,5166.81,-9.47
744.700,5166.99,-9.53
744.730,5167.17,-9.46
744.760,5167.35,-9.36
744.790,5167.53,-9.55
744.820,5167.71,-9.44
744.850,5167.89,-9.50
744.880,5168.07,-9.44
744.910,5168.25,-9.43
744.940,5168.43,-9.61
744.970,5168.61,-9.39
745.000,5168.79,-9.44
745.030,5168.97,-9.47
745.060,5169.15,-9.44
745.090,5169.33,-9.48
745.120,5169.51,-9.45
745.150,5169.69,-9.48
745.180,5169.87,-9.53
745.210,5170.05,-9.42
745.240,5170.23,-9.61
745.270,5170.41,-9.34
745.300,5170.59,-9.60
745.330,5170.77,-9.53
745.360,5170.95,-9.55
745.390,5171.13,-9.46
745.420,5171.31,-9.57
745.450,5171.49,-9.55
745.480,5171.67,-9.51
745.510,5171.85,-9.50
745.540,5172.03,-9.46
745.570,5172.21,-9.47
745.600,5172.39,-9.46
745.630,5172.57,-9.45
745.660,5172.75,-9.45
745.690,5172.93,-9.46
745.720,5173.11,-9.55
745.750,5173.29,-9.51
745.780,5173.47,-9.50
745.810,5173.65,-9.48
745.840,5173.83,-9.50
745.870,5174.01,-9.28
745.900,5174.19,-9.50
745.930,5174.37,-9.49
745.960,5174.55,-9.45
745.990,5174.73,-9.49
746.020,5174.91,-9.37
746.050,5175.09,-9.49
746.080,5175.27,-9.45
746.110,5175.45,-9.46
746.140,5175.63,-9.56
746.170,5175.81,-9.43
746.200,5175.99,-9.45
746.230,5176.17,-9.38
746.260,5176.35,-9.36
746.290,5176.53,-9.38
746.320,5176.71,-9.35
746.350,5176.89,-9.38
746.380,5177.07,-9.42
746.410,5177.25,-9.40
746.440,5177.43,-9.43
746.470,5177.61,-9.37
746.500,5177.79,-9.38
746.530,5177.97,-9.40
746.560,5178.15,-9.36
746.590,5178.33,-9.45
746.620,5178.51,-9.44
746.650,5178.69,-9.27
746.680,5178.87,-9.39
746.710,5179.05,-9.32
746.740,5179.23,-9.30
746.770,5179.41,-9.40
746.800,5179.59,-9.42
746.830,5179.77,-9.44
746.860,5179.95,-9.48
746.890,5180.13,-9.38
746.920,5180.31,-9.44
746.950,5180.49,-9.32
746.980,5180.67,-9.43
747.010,5180.85,-9.17
747.040,5181.03,-9.44
747.070,5181.21,-9.34
747.100,5181.39,-9.51
747.130,5181.57,-9.33
747.160,5181.75,-9.40
747.190,5181.93,-9.41
747.220,5182.11,-9.55
747.250,5182.29,-9.43
747.280,5182.47,-9.37
747.310,5182.65,-9.48
747.340,5182.83,-9.38
747.370,5183.01,-9.50
747.400,5183.19,-9.46
747.430,5183.37,-9.50
747.460,5183.55,-9.53
747.490,5183.73,-9.51
747.520,5183.91,-9.51
747.550,5184.09,-9.51
747.580,5184.27,-9.56
747.610,5184.45,-9.47
747.640,5184.63,-9.51
747.670,5184.81,-9.53
747.700,5184.99,-9.58
747.730,5185.17,-9.50
747.760,5185.35,-9.46
747.790,5185.53,-9.52
747.820,5185.71,-9.57
747.850,5185.89,-9.53
747.880,5186.07,-9.60
747.910,5186.25,-9.55
747.940,5186.43,-9.54
747.970,5186.61,-9.39
748.000,5186.79,-9.46
748.030,5186.97,-9.44
748.060,5187.15,-9.42
748.090,5187.33,-9.41
748.120,5187.51,-9.37
748.150,5187.69,-9.49
748.180,5187.87,-9.44
748.210,5188.05,-9.56
748.240,5188.23,-9.61
748.270,5188.41,-9.49
748.300,5188.59,-9.55
748.330,5188.77,-9.37
748.360,5188.95,-9.55
748.390,5189.13,-9.43
748.420,5189.31,-9.48
748.450,5189.49,-9.49
748.480,5189.67,-9.52
748.510,5189.85,-9.44
748.540,5190.03,-9.49
748.570,5190.21,-9.47
748.600,5190.39,-9.44
748.630,5190.57,-9.41
748.660,5190.75,-9.32
748.690,5190.93,-9.45
748.720,5191.11,-9.32
748.750,5191.29,-9.48
748.780,5191.47,-9.45
748.810,5191.65,-9.50
748.840,5191.83,-9.48
748.870,5192.01,-9.52
748.900,5192.19,-9.44
748.930,5192.37,-9.46
748.960,5192.55,-9.39
748.990,5192.73,-9.54
749.020,5192.91,-9.48
749.050,5193.09,-9.52
749.080,5193.27,-9.54
749.110,5193.45,-9.58
749.140,5193.63,-9.51
749.170,5193.81,-9.54
749.200,5193.99,-9.52
749.230,5194.17,-9.50
749.260,5194.35,-9.43
749.290,5194.53,-9.53
749.320,5194.71,-9.32
749.350,5194.89,-9.49
749.380,5195.07,-9.45
749.410,5195.25,-9.51
749.440,5195.43,-9.49
749.470,5195.61,-9.48
749.500,5195.79,-9.42
749.530,5195.97,-9.51
749.560,5196.15,-9.53
749.590,5196.33,-9.46
749.620,5196.51,-9.56
749.650,5196.69,-9.57
749.680,5196.87,-9.52
749.710,5197.05,-9.62
749.740,5197.23,-9.64
749.770,5197.41,-9.58
749.800,5197.59,-9.66
749.830,5197.77,-9.63
749.860,5197.95,-9.65
749.890,5198.13,-9.64
749.920,5198.31,-9.60
749.950,5198.49,-9.55
749.980,5198.67,-9.69
750.010,5198.85,-9.58
750.040,5199.03,-9.63
750.070,5199.21,-9.70
750.100,5199.39,-9.70
750.130,5199.57,-9.64
750.160,5199.75,-9.63
750.190,5199.93,-9.58
750.220,5200.11,-9.51
750.250,5200.29,-9.45
750.280,5200.47,-9.54
750.310,5200.65,-9.39
750.340,5200.83,-9.45
750.370,5201.01,-9.40
750.400,5201.19,-9.46
750.430,5201.37,-9.46
750.460,5201.55,-9.45
750.490,5201.73,-9.39
750.520,5201.91,-9.48
750.550,5202.09,-9.49
750.580,5202.27,-9.53
750.610,5202.45,-9.51
750.640,5202.63,-9.48
750.670,5202.81,-9.50
750.700,5202.99,-9.45
750.730,5203.17,-9.52
750.760,5203.35,-9.44
750.790,5203.53,-9.38
750.820,5203.71,-9.47
750.850,5203.89,-9.40
750.880,5204.07,-9.34
750.910,5204.25,-9.46
750.940,5204.43,-9.45
750.970,5204.61,-9.44
751.000,5204.79,-9.50
751.030,5204.97,-9.54
751.060,5205.15,-9.47
751.090,5205.33,-9.48
751.120,5205.51,-9.49
751.150,5205.69,-9.40
751.180,5205.87,-9.56
751.210,5206.05,-9.57
751.240,5206.23,-9.52
751.270,5206.41,-9.59
751.300,5206.59,-9.60
751.330,5206.77,-9.48
751.360,5206.95,-9.64
751.390,5207.13,-9.56
751.420,5207.31,-9.60
751.450,5207.49,-9.64
751.480,5207.67,-9.66
751.510,5207.85,-9.60
751.540,5208.03,-9.61
751.570,5208.21,-9.58
751.600,5208.39,-9.51
751.630,5208.57,-9.49
751.660,5208.75,-9.62
751.690,5208.93,-9.48
751.720,5209.11,-9.58
751.750,5209.29,-9.52
751.780,5209.47,-9.50
751.810,5209.65,-9.41
751.840,5209.83,-9.38
751.870,5210.01,-9.56
751.900,5210.19,-9.60
751.930,5210.37,-9.58
751.960,5210.55,-9.56
751.990,5210.73,-9.52
752.020,5210.91,-9.68
752.050,5211.09,-9.63
752.080,5211.27,-9.57
752.110,5211.45,-9.60
752.140,5211.63,-9.57
752.170,5211.81,-9.58
752.200,5211.99,-9.57
752.230,5212.17,-9.53
752.260,5212.35,-9.62
752.290,5212.53,-9.57
752.320,5212.71,-9.55
752.350,5212.89,-9.56
752.380,5213.07,-9.62
752.410,5213.25,-9.63
752.440,5213.43,-9.58
752.470,5213.61,-9.71
752.500,5213.79,-9.68
752.530,5213.97,-9.72
752.560,5214.15,-9.61
752.590,5214.33,-9.65
752.620,5214.51,-9.68
752.650,5214.69,-9.60
752.680,5214.87,-9.64
752.710,5215.05,-9.57
752.740,5215.23,-9.60
752.770,5215.41,-9.60
752.800,5215.59,-9.52
752.830,5215.77,-9.53
752.860,5215.95,-9.47
752.890,5216.13,-9.54
752.920,5216.31,-9.57
752.950,5216.49,-9.59
752.980,5216.67,-9.52
753.010,5216.85,-9.55
753.040,5217.03,-9.53
753.070,5217.21,-9.54
753.100,5217.39,-9.54
753.130,5217.57,-9.53
753.160,5217.75,-9.45
753.190,5217.93,-9.48
753.220,5218.11,-9.45
753.250,5218.29,-9.42
753.280,5218.47,-9.41
753.310,5218.65,-9.43
753.340,5218.83,-9.63
753.370,5219.01,-9.46
753.400,5219.19,-9.48
753.430,5219.37,-9.57
753.460,5219.55,-9.54
753.490,5219.73,-9.56
753.520,5219.91,-9.58
753.550,5220.09,-9.49
753.580,5220.27,-9.58
753.610,5220.45,-9.53
753.640,5220.63,-9.61
753.670,5220.81,-9.52
753.700,5220.99,-9.54
753.730,5221.17,-9.61
753.760,5221.35,-9.47
753.790,5221.53,-9.53
753.820,5221.71,-9.51
753.850,5221.89,-9.47
753.880,5222.07,-9.60
753.910,5222.25,-9.49
753.940,5222.43,-9.55
753.970,5222.61,-9.55
754.000,5222.79,-9.56
754.030,5222.97,-9.64
754.060,5223.15,-9.64
754.090,5223.33,-9.56
754.120,5223.51,-9.56
754.150,5223.69,-9.58
754.180,5223.87,-9.60
754.210,5224.05,-9.56
754.240,5224.23,-9.56
754.270,5224.41,-9.61
754.300,5224.59,-9.66
754.330,5224.77,-9.57
754.360,5224.95,-9.57
754.390,5225.13,-9.71
754.420,5225.31,-9.64
754.450,5225.49,-9.60
827.186,5628.52,-9.44
827.221,5628.77,-9.59
827.256,5629.02,-9.65
827.291,5629.27,-9.60
827.326,5629.52,-9.49
827.361,5629.77,-9.53
827.396,5630.02,-9.53
827.431,5630.27,-9.52
827.466,5630.52,-9.65
827.501,5630.77,-9.59
827.536,5631.02,-9.54
827.571,5631.27,-9.61
827.606,5631.52,-9.53
827.641,5631.77,-9.48
827.676,5632.02,-9.51
827.711,5632.27,-9.55
827.746,5632.52,-9.48
827.781,5632.77,-9.58
827.816,5633.02,-9.56
827.851,5633.27,-9.52
827.886,5633.52,-9.50
827.921,5633.77,-9.57
827.956,5634.02,-9.51
827.991,5634.27,-9.56
828.026,5634.52,-9.51
828.061,5634.77,-9.46
828.096,5635.02,-9.42
828.131,5635.27,-9.42
828.166,5635.52,-9.42
828.201,5635.77,-9.48
828.236,5636.02,-9.53
828.271,5636.27,-9.59
828.306,5636.52,-9.53
828.341,5636.77,-9.55
828.376,5637.02,-9.46
828.411,5637.27,-9.50
828.446,5637.52,-9.40
828.481,5637.77,-9.40
828.516,5638.02,-9.48
828.551,5638.27,-9.38
828.586,5638.52,-9.50
828.621,5638.77,-9.54
828.656,5639.02,-9.57
828.691,5639.27,-9.55
828.726,5639.52,-9.51
828.761,5639.77,-9.61
828.796,5640.02,-9.56
828.831,5640.27,-9.41
828.866,5640.52,-9.27
828.901,5640.77,-9.43
828.936,5641.02,-9.47
828.971,5641.27,-9.59
829.006,5641.52,-9.58
829.041,5641.77,-9.49
829.076,5642.02,-9.58
829.111,5642.27,-9.60
829.146,5642.52,-9.60
829.181,5642.77,-9.60
829.216,5643.02,-9.62
829.251,5643.27,-9.61
829.286,5643.52,-9.64
829.321,5643.77,-9.62
829.356,5644.02,-9.69
829.391,5644.27,-9.67
829.426,5644.52,-9.63
829.461,5644.77,-9.59
829.496,5645.02,-9.64
829.531,5645.27,-9.70
829.566,5645.52,-9.57
829.601,5645.77,-9.62
829.636,5646.02,-9.63
829.671,5646.27,-9.60
829.706,5646.52,-9.56
829.741,5646.77,-9.58
829.776,5647.02,-9.54
829.811,5647.27,-9.53
829.846,5647.52,-9.53
829.881,5647.77,-9.53
829.916,5648.02,-9.59
829.951,5648.27,-9.60
829.986,5648.52,-9.61
830.021,5648.77,-9.46
830.056,5649.02,-9.62
830.091,5649.27,-9.52
830.126,5649.52,-9.54
830.161,5649.77,-9.56
830.196,5650.02,-9.58
830.231,5650.27,-9.45
830.266,5650.52,-9.62
830.301,5650.77,-9.40
830.336,5651.02,-9.45
830.371,5651.27,-9.45
830.406,5651.52,-9.35
830.441,5651.77,-9.47
830.476,5652.02,-9.56
830.511,5652.27,-9.47
830.546,5652.52,-9.50
830.581,5652.77,-9.54
830.616,5653.02,-9.57
830.651,5653.27,-9.49
830.686,5653.52,-9.43
830.721,5653.77,-9.37
830.756,5654.02,-9.48
830.791,5654.27,-9.56
830.826,5654.52,-9.54
830.861,5654.77,-9.40
830.896,5655.02,-9.59
830.931,5655.27,-9.35
830.966,5655.52,-9.47
831.001,5655.77,-9.32
831.036,5656.02,-9.48
831.071,5656.27,-9.50
831.106,5656.52,-9.47
831.141,5656.77,-9.46
831.176,5657.02,-9.48
831.211,5657.27,-9.43
831.246,5657.52,-9.40
831.281,5657.77,-9.35
831.316,5658.02,-9.26
831.351,5658.27,-9.37
831.386,5658.52,-9.47
831.421,5658.77,-9.39
831.456,5659.02,-9.33
831.491,5659.27,-9.38
831.526,5659.52,-9.37
831.561,5659.77,-9.37
831.596,5660.02,-9.49
831.631,5660.27,-9.46
831.666,5660.52,-9.36
831.701,5660.77,-9.39
831.736,5661.02,-9.31
831.771,5661.27,-9.20
831.806,5661.52,-9.43
831.841,5661.77,-9.45
831.876,5662.02,-9.45
831.911,5662.27,-9.20
831.946,5662.52,-9.43
831.981,5662.77,-9.31
832.016,5663.02,-9.20
832.051,5663.27,-9.36
832.086,5663.52,-9.28
832.121,5663.77,-9.38
832.156,5664.02,-9.41
832.191,5664.27,-9.48
832.226,5664.52,-9.35
832.261,5664.77,-9.37
832.296,5665.02,-9.31
832.331,5665.27,-9.39
832.366,5665.52,-9.49
832.401,5665.77,-9.50
832.436,5666.02,-9.34
832.471,5666.27,-9.26
832.506,5666.52,-9.42
832.541,5666.77,-9.37
832.576,5667.02,-9.31
832.611,5667.27,-9.33
832.646,5667.52,-9.51
832.681,5667.77,-9.51
832.716,5668.02,-9.27
832.751,5668.27,-9.20
832.786,5668.52,-9.47
832.821,5668.77,-9.51
832.856,5669.02,-9.21
832.891,5669.27,-9.27
832.926,5669.52,-9.34
832.961,5669.77,-9.40
832.996,5670.02,-9.17
833.031,5670.27,-9.31
833.066,5670.52,-9.54
833.101,5670.77,-9.45
833.136,5671.02,-9.39
833.171,5671.27,-9.16
833.206,5671.52,-9.37
833.241,5671.77,-9.58
833.276,5672.02,-9.50
833.311,5672.27,-9.41
833.346,5672.52,-9.29
833.381,5672.77,-9.52
833.416,5673.02,-9.35
833.451,5673.27,-9.44
833.486,5673.52,-9.21
833.521,5673.77,-9.51
833.556,5674.02,-9.36
833.591,5674.27,-9.52
833.626,5674.52,-9.59
833.661,5674.77,-9.35
833.696,5675.02,-9.23
833.731,5675.27,-9.10
833.766,5675.52,-9.34
833.801,5675.77,-9.24
833.836,5676.02,-9.16
833.871,5676.27,-9.10
833.906,5676.52,-9.34
833.941,5676.77,-9.14
833.976,5677.02,-9.30
834.011,5677.27,-9.31
834.046,5677.52,-9.29
834.081,5677.77,-9.15
834.116,5678.02,-9.23
834.151,5678.27,-9.08
834.186,5678.52,-9.22
834.221,5678.77,-9.41
834.256,5679.02,-9.33
834.291,5679.27,-9.38
834.326,5679.52,-9.44
834.361,5679.77,-9.30
834.396,5680.02,-9.28
834.431,5680.27,-9.40
834.466,5680.52,-9.25
834.501,5680.77,-9.52
834.536,5681.02,-9.33
834.571,5681.27,-9.49
834.606,5681.52,-9.20
834.641,5681.77,-9.24
834.676,5682.02,-9.25
834.711,5682.27,-9.43
834.746,5682.52,-9.35
834.781,5682.77,-9.28
834.816,5683.02,-9.45
834.851,5683.27,-9.39
834.886,5683.52,-9.43
834.921,5683.77,-9.24
834.956,5684.02,-9.31
834.991,5684.27,-9.37
835.026,5684.52,-9.38
835.061,5684.77,-9.39
835.096,5685.02,-9.39
835.131,5685.27,-9.23
835.166,5685.52,-9.20
835.201,5685.77,-9.44
835.236,5686.02,-9.36
835.271,5686.27,-9.39
835.306,5686.52,-9.21
835.341,5686.77,-9.27
835.376,5687.02,-9.39
835.411,5687.27,-9.26
835.446,5687.52,-9.33
835.481,5687.77,-9.20
835.516,5688.02,-9.25
835.551,5688.27,-9.40
835.586,5688.52,-9.40
835.621,5688.77,-9.51
835.656,5689.02,-9.17
835.691,5689.27,-9.37
835.726,5689.52,-9.39
835.761,5689.77,-9.35
835.796,5690.02,-9.30
835.831,5690.27,-9.40
835.866,5690.52,-9.35
835.901,5690.77,-9.42
835.936,5691.02,-9.30
835.971,5691.27,-9.38
836.006,5691.52,-9.38
836.041,5691.77,-9.37
836.076,5692.02,-9.40
836.111,5692.27,-9.41
836.146,5692.52,-9.38
836.181,5692.77,-9.38
836.216,5693.02,-9.38
836.251,5693.27,-9.45
836.286,5693.52,-9.42
836.321,5693.77,-9.59
836.356,5694.02,-9.45
836.391,5694.27,-9.41
836.426,5694.52,-9.45
836.461,5694.77,-9.43
836.496,5695.02,-9.33
836.531,5695.27,-9.40
836.566,5695.52,-9.43
836.601,5695.77,-9.41
836.636,5696.02,-9.37
836.671,5696.27,-9.41
836.706,5696.52,-9.56
836.741,5696.77,-9.42
836.776,5697.02,-9.65
836.811,5697.27,-9.43
836.846,5697.52,-9.36
836.881,5697.77,-9.44
836.916,5698.02,-9.40
836.951,5698.27,-9.36
836.986,5698.52,-9.43
837.021,5698.77,-9.60
837.056,5699.02,-9.29
837.091,5699.27,-9.28
837.126,5699.52,-9.46
837.161,5699.77,-9.44
837.196,5700.02,-9.28
837.231,5700.27,-9.24
837.266,5700.52,-9.30
837.301,5700.77,-9.39
837.336,5701.02,-9.25
837.371,5701.27,-9.32
837.406,5701.52,-9.30
837.441,5701.77,-9.29
837.476,5702.02,-9.31
837.511,5702.27,-9.30
837.546,5702.52,-9.29
837.581,5702.77,-9.35
837.616,5703.02,-9.39
837.651,5703.27,-9.41
837.686,5703.52,-9.31
837.721,5703.77,-9.31
837.756,5704.02,-9.21
837.791,5704.27,-9.24
837.826,5704.52,-9.34
837.861,5704.77,-9.37
837.896,5705.02,-9.40
837.931,5705.27,-9.40
837.966,5705.52,-9.46
838.001,5705.77,-9.73
838.036,5706.02,-9.66
838.071,5706.27,-9.59
838.106,5706.52,-9.52
838.141,5706.77,-9.59
838.176,5707.02,-9.51
838.211,5707.27,-9.57
838.246,5707.52,-9.43
838.281,5707.77,-9.47
838.316,5708.02,-9.50
940.150,6583.78,-9.15
940.200,6584.18,-9.25
940.250,6584.58,-9.13
940.300,6584.98,-9.47
940.350,6585.38,-9.24
940.400,6585.78,-9.38
940.450,6586.18,-9.27
940.500,6586.58,-9.32
940.550,6586.98,-9.28
940.600,6587.38,-9.23
940.650,6587.78,-9.33
940.700,6588.18,-9.25
940.750,6588.58,-9.42
940.800,6588.98,-9.35
940.850,6589.38,-9.31
940.900,6589.78,-9.24
940.950,6590.18,-9.42
941.000,6590.58,-9.29
941.050,6590.98,-9.32
941.100,6591.38,-9.37
941.150,6591.78,-9.33
941.200,6592.18,-9.40
941.250,6592.58,-9.35
941.300,6592.98,-9.26
941.350,6593.38,-9.22
941.400,6593.78,-9.43
941.450,6594.18,-9.42
941.500,6594.58,-9.43
941.550,6594.98,-9.34
941.600,6595.38,-9.46
941.650,6595.78,-9.29
941.700,6596.18,-9.36
941.750,6596.58,-9.46
941.800,6596.98,-9.46
941.850,6597.38,-9.37
941.900,6597.78,-9.31
941.950,6598.18,-9.39
942.000,6598.58,-9.34
942.050,6598.98,-9.37
942.100,6599.38,-9.33
942.150,6599.78,-9.39
942.200,6600.18,-9.32
942.250,6600.58,-9.34
942.300,6600.98,-9.43
942.350,6601.38,-9.41
942.400,6601.78,-9.45
942.450,6602.18,-9.42
942.500,6602.58,-9.41
942.550,6602.98,-9.38
942.600,6603.38,-9.19
942.650,6603.78,-9.36
942.700,6604.18,-9.38
942.750,6604.58,-9.48
942.800,6604.98,-9.30
942.850,6605.38,-9.27
942.900,6605.78,-9.40
942.950,6606.18,-9.44
943.000,6606.58,-9.45
943.050,6606.98,-9.37
943.100,6607.38,-9.47
943.150,6607.78,-9.42
943.200,6608.18,-9.38
943.250,6608.58,-9.30
943.300,6608.98,-9.32
943.350,6609.38,-9.29
943.400,6609.78,-9.32
943.450,6610.18,-9.45
943.500,6610.58,-9.31
943.550,6610.98,-9.44
943.600,6611.38,-9.33
943.650,6611.78,-9.29
943.700,6612.18,-9.28
943.750,6612.58,-9.47
943.800,6612.98,-9.29
943.850,6613.38,-9.38
943.900,6613.78,-9.42
943.950,6614.18,-9.31
944.000,6614.58,-9.30
944.050,6614.98,-9.37
944.100,6615.38,-9.39
944.150,6615.78,-9.41
944.200,6616.18,-9.42
944.250,6616.58,-9.39
944.300,6616.98,-9.35
944.350,6617.38,-9.38
944.400,6617.78,-9.32
944.450,6618.18,-9.36
944.500,6618.58,-9.38
944.550,6618.98,-9.32
944.600,6619.38,-9.43
944.650,6619.78,-9.37
944.700,6620.18,-9.40
944.750,6620.58,-9.42
944.800,6620.98,-9.35
944.850,6621.38,-9.22
944.900,6621.78,-9.28
944.950,6622.18,-9.41
945.000,6622.58,-9.42
945.050,6622.98,-9.35
945.100,6623.38,-9.34
945.150,6623.78,-9.40
945.200,6624.18,-9.30
945.250,6624.58,-9.38
945.300,6624.98,-9.45
945.350,6625.38,-9.23
945.400,6625.78,-9.28
945.450,6626.18,-9.31
945.500,6626.58,-9.42
945.550,6626.98,-9.41
945.600,6627.38,-9.42
945.650,6627.78,-9.28
945.700,6628.18,-9.42
945.750,6628.58,-9.38
945.800,6628.98,-9.21
945.850,6629.38,-9.24
945.900,6629.78,-9.13
945.950,6630.18,-9.35
946.000,6630.58,-9.28
946.050,6630.98,-9.37
946.100,6631.38,-9.19
946.150,6631.78,-9.34
946.200,6632.18,-9.33
946.250,6632.58,-9.14
946.300,6632.98,-9.24
946.350,6633.38,-9.15
946.400,6633.78,-9.13
946.450,6634.18,-9.21
946.500,6634.58,-9.19
946.550,6634.98,-9.07
946.600,6635.38,-9.10
946.650,6635.78,-9.07
946.700,6636.18,-9.10
946.750,6636.58,-9.09
946.800,6636.98,-9.30
946.850,6637.38,-9.16
946.900,6637.78,-9.17
946.950,6638.18,-9.29
947.000,6638.58,-9.22
947.050,6638.98,-9.31
947.100,6639.38,-9.12
947.150,6639.78,-9.25
947.200,6640.18,-9.27
947.250,6640.58,-9.06
947.300,6640.98,-9.16
947.350,6641.38,-9.27
947.400,6641.78,-9.19
947.450,6642.18,-9.17
947.500,6642.58,-9.20
947.550,6642.98,-9.09
947.600,6643.38,-9.14
947.650,6643.78,-9.00
947.700,6644.18,-9.16
947.750,6644.58,-8.90
947.800,6644.98,-9.01
947.850,6645.38,-8.96
947.900,6645.78,-8.96
947.950,6646.18,-8.97
948.000,6646.58,-9.11
948.050,6646.98,-9.05
948.100,6647.38,-9.13
948.150,6647.78,-9.08
948.200,6648.18,-9.12
948.250,6648.58,-9.02
948.300,6648.98,-9.11
948.350,6649.38,-9.06
948.400,6649.78,-9.03
948.450,6650.18,-9.10
948.500,6650.58,-9.09
948.550,6650.98,-9.01
948.600,6651.38,-9.07
948.650,6651.78,-9.04
948.700,6652.18,-9.02
948.750,6652.58,-9.06
948.800,6652.98,-9.11
948.850,6653.38,-9.06
948.900,6653.78,-9.17
948.950,6654.18,-8.94
949.000,6654.58,-9.29
949.050,6654.98,-9.30
949.100,6655.38,-9.08
949.150,6655.78,-9.12
949.200,6656.18,-9.33
949.250,6656.58,-9.22
949.300,6656.98,-9.19
949.350,6657.38,-9.05
949.400,6657.78,-9.24
949.450,6658.18,-9.21
949.500,6658.58,-9.09
949.550,6658.98,-9.23
949.600,6659.38,-9.28
949.650,6659.78,-9.21
949.700,6660.18,-9.10
949.750,6660.58,-9.21
949.800,6660.98,-9.14
949.850,6661.38,-9.23
949.900,6661.78,-9.09
949.950,6662.18,-9.11
950.000,6662.58,-9.17
950.050,6662.98,-8.93
950.100,6663.38,-9.01
950.150,6663.78,-8.99
950.200,6664.18,-9.10
950.250,6664.58,-9.15
950.300,6664.98,-9.11
950.350,6665.38,-9.17
950.400,6665.78,-9.00
950.450,6666.18,-9.10
950.500,6666.58,-9.10
950.550,6666.98,-9.11
950.600,6667.38,-9.02
950.650,6667.78,-9.08
950.700,6668.18,-8.99
950.750,6668.58,-9.26
950.800,6668.98,-9.27
950.850,6669.38,-9.17
950.900,6669.78,-9.02
950.950,6670.18,-8.99
951.000,6670.58,-9.09
951.050,6670.98,-9.04
951.100,6671.38,-9.07
951.150,6671.78,-8.96
951.200,6672.18,-9.12
951.250,6672.58,-9.15
951.300,6672.98,-9.16
951.350,6673.38,-9.07
951.400,6673.78,-9.03
951.450,6674.18,-9.05
951.500,6674.58,-9.25
951.550,6674.98,-9.26
951.600,6675.38,-9.23
951.650,6675.78,-9.26
951.700,6676.18,-9.31
951.750,6676.58,-9.18
951.800,6676.98,-9.07
951.850,6677.38,-9.11
951.900,6677.78,-9.15
951.950,6678.18,-9.14
952.000,6678.58,-9.07
952.050,6678.98,-9.19
952.100,6679.38,-9.23
952.150,6679.78,-9.02
952.200,6680.18,-9.16
952.250,6680.58,-9.19
952.300,6680.98,-9.24
952.350,6681.38,-9.23
952.400,6681.78,-9.16
952.450,6682.18,-9.08
952.500,6682.58,-9.17
952.550,6682.98,-9.12
952.600,6683.38,-9.18
952.650,6683.78,-9.19
952.700,6684.18,-9.25
952.750,6684.58,-9.15
952.800,6684.98,-9.21
952.850,6685.38,-9.06
952.900,6685.78,-9.23
952.950,6686.18,-9.39
953.000,6686.58,-9.32
953.050,6686.98,-9.29
953.100,6687.38,-9.45
953.150,6687.78,-9.26
953.200,6688.18,-9.30
953.250,6688.58,-9.19
953.300,6688.98,-9.12
953.350,6689.38,-9.11
953.400,6689.78,-9.17
953.450,6690.18,-9.19
953.500,6690.58,-9.35
953.550,6690.98,-9.23
953.600,6691.38,-9.23
953.650,6691.78,-9.30
953.700,6692.18,-9.35
953.750,6692.58,-9.41
953.800,6692.98,-9.43
953.850,6693.38,-9.34
953.900,6693.78,-9.50
953.950,6694.18,-9.43
954.000,6694.58,-9.40
954.050,6694.98,-9.28
954.100,6695.38,-9.27
954.150,6695.78,-9.45
954.200,6696.18,-9.41
954.250,6696.58,-9.51
954.300,6696.98,-9.39
954.350,6697.38,-9.48
954.400,6697.78,-9.38
954.450,6698.18,-9.37
954.500,6698.58,-9.32
954.550,6698.98,-9.26
954.600,6699.38,-9.28
954.650,6699.78,-9.32
954.700,6700.18,-9.38
954.750,6700.58,-9.30
954.800,6700.98,-9.29
954.850,6701.38,-9.32
954.900,6701.78,-9.27
954.950,6702.18,-9.30
955.000,6702.58,-9.31
955.050,6702.98,-9.22
955.100,6703.38,-9.30
955.150,6703.78,-9.30
955.200,6704.18,-9.24
955.250,6704.58,-9.23
955.300,6704.98,-9.19
955.350,6705.38,-9.13
955.400,6705.78,-9.22
955.450,6706.18,-9.18
955.500,6706.58,-9.22
955.550,6706.98,-9.23
955.600,6707.38,-9.02
955.650,6707.78,-9.16
955.700,6708.18,-9.22
955.750,6708.58,-9.19
955.800,6708.98,-9.13
955.850,6709.38,-9.28
955.900,6709.78,-9.32
955.950,6710.18,-9.38
956.000,6710.58,-9.38
956.050,6710.98,-9.35
956.100,6711.38,-9.51
956.150,6711.78,-9.41
956.200,6712.18,-9.24
956.250,6712.58,-9.10
956.300,6712.98,-9.09
956.350,6713.38,-8.83
956.400,6713.78,-8.82
956.450,6714.18,-8.90
956.500,6714.58,-8.97
956.550,6714.98,-8.80
956.600,6715.38,-8.79
956.650,6715.78,-8.87
956.700,6716.18,-8.91
956.750,6716.58,-8.91
956.800,6716.98,-8.93
956.850,6717.38,-9.06
956.900,6717.78,-9.19
956.950,6718.18,-9.11
957.000,6718.58,-9.16
957.050,6718.98,-9.16
957.100,6719.38,-9.15
957.150,6719.78,-9.14
957.200,6720.18,-9.22
957.250,6720.58,-9.26
957.300,6720.98,-9.28
957.350,6721.38,-9.35
957.400,6721.78,-9.25
957.450,6722.18,-9.27
957.500,6722.58,-9.28
957.550,6722.98,-9.24
957.600,6723.38,-9.35
957.650,6723.78,-9.24
957.700,6724.18,-9.42
957.750,6724.58,-9.31
957.800,6724.98,-9.32
957.850,6725.38,-9.35
957.900,6725.78,-9.30
957.950,6726.18,-9.37
958.000,6726.58,-9.40
958.050,6726.98,-9.41
958.100,6727.38,-9.31
958.150,6727.78,-9.28
958.200,6728.18,-9.38
958.250,6728.58,-9.39
958.300,6728.98,-9.37
958.350,6729.38,-9.29
958.400,6729.78,-9.21
958.450,6730.18,-9.25
958.500,6730.58,-9.25
958.550,6730.98,-9.25
958.600,6731.38,-9.31
958.650,6731.78,-9.21
958.700,6732.18,-9.37
958.750,6732.58,-9.25
958.800,6732.98,-9.25
958.850,6733.38,-9.28
958.900,6733.78,-9.22
958.950,6734.18,-9.16
959.000,6734.58,-8.94
959.050,6734.98,-9.24
959.100,6735.38,-9.21
959.150,6735.78,-9.31
959.200,6736.18,-9.21
959.250,6736.58,-9.22
959.300,6736.98,-9.09
959.350,6737.38,-9.25
959.400,6737.78,-9.20
959.450,6738.18,-9.07
959.500,6738.58,-9.10
959.550,6738.98,-9.22
959.600,6739.38,-9.18
959.650,6739.78,-9.14
959.700,6740.18,-9.07
959.750,6740.58,-9.29
959.800,6740.98,-9.17
