depth,date,d13C,d18O
0.1,2003.9,-7.16,-2.95
0.2,2001.9,-7.12,-3.04
0.3,1999.3,-7.14,-3.17
0.4,1996.8,-7.08,-3.17
0.5,1994.3,-7.04,-3.1
0.6,1992.2,-7.03,-3.1
0.7,1990.3,-6.9,-3.09
0.8,1988.3,-6.88,-3.14
0.9,1986.5,-6.89,-3.11
1,1984.8,-7.36,-3.12
1.1,1983.3,-7.37,-3.27
1.2,1982.1,-7.67,-3.25
1.3,1981,-7.86,-3.44
1.4,1979.9,-8.11,-3.2
1.5,1978.8,-8.11,-3.2
1.6,1977.8,-8.29,-3.15
1.7,1976.8,-8.35,-3.09
1.8,1975.7,-8.35,-3.28
1.9,1974.8,-8.48,-3.37
2,1973.8,-8.44,-3.28
2.1,1972.7,-8.42,-3.43
2.2,1971.7,-8.5,-3.33
2.3,1970.9,-8.52,-3.3
2.4,1969.8,-8.58,-3.5
2.5,1968.8,-8.53,-3.4
2.6,1967.7,-8.56,-3.32
2.7,1966.6,-8.61,-3.47
2.8,1965.5,-8.66,-3.39
2.9,1964.8,-8.55,-3.31
3,1963.9,-8.57,-3.42
3.1,1963.2,-8.58,-3.42
3.2,1962.6,-8.72,-3.45
3.3,1961.7,-8.82,-3.38
3.4,1961.1,-9,-3.5
3.5,1960.7,-9.12,-3.44
3.6,1960.2,-9.26,-3.41
3.7,1959.7,-8.98,-3.26
3.8,1958.7,-8.99,-3.25
3.9,1958,-8.72,-3.15
4,1957.7,-8.72,-3.33
4.1,1957,-8.61,-3.19
4.2,1956.7,-8.55,-3.38
4.3,1956.3,-8.54,-3.31
4.4,1955.9,-8.55,-3.44
4.5,1955.6,-8.5,-3.53
4.6,1955.2,-8.64,-3.46
4.7,1954.9,-8.48,-3.48
4.8,1954.4,-8.36,-3.41
4.9,1954.2,-8.31,-3.28
5,1953.9,-8.55,-3.28
5.1,1953.7,-8.43,-3.24
5.2,1953.5,-8.44,-3.28
5.3,1953.3,-8.48,-3.25
5.4,1953.1,,
5.5,1952.9,-8.58,-3.35
5.6,1952.7,-8.57,-3.39
5.7,1952.6,-8.48,-3.29
5.8,1952.4,-8.35,-3.19
5.9,1952.3,-8.27,-3.35
6,1952.2,-8.33,-3.34
6.1,1952,-8.17,-3.13
6.2,1951.9,-8.06,-3.15
6.3,1951.8,-7.87,-3.36
6.4,1951.7,-7.84,-3.38
6.5,1951.6,-7.76,-3.45
6.6,1951.5,-7.73,-3.4
6.7,1951.4,-7.62,-3.4
6.8,1951.3,-7.6,-3.18
20.5,1885.8,-8.04,-3.28
20.6,1885.2,-7.84,-3.26
20.7,1884.6,-7.82,-3.28
20.8,1884,-7.83,-3.01
20.9,1883.4,-7.61,-2.94
21,1882.8,-7.69,-3.18
21.1,1882.2,-7.32,-3.2
21.2,1881.6,-7.33,-3.27
21.3,1881.1,-7.42,-3.25
21.4,1880.5,-7.26,-3.17
21.5,1880,-7.38,-3.19
21.6,1879.5,-7.45,-3.2
21.7,1879,-7.54,-3.15
21.8,1878.5,-7.75,-3.3
21.9,1878,-7.76,-3.28
22,1877.5,-7.75,-3.3
22.1,1877,-7.83,-3.42
22.2,1876.5,-8.38,-3.75
22.3,1876,-7.88,-3.5
22.4,1875.5,-7.77,-3.48
22.5,1875.1,-7.8,-3.39
22.6,1874.6,-8.11,-3.67
22.7,1874.2,-8.06,-3.66
22.8,1873.7,-7.64,-3.57
22.9,1873.3,-7.73,-3.66
23,1872.8,-7.89,-3.57
23.1,1872.4,,
23.2,1872,-7.74,-3.36
23.3,1871.5,-7.81,-3.31
23.4,1871.1,-7.63,-3.36
23.5,1870.7,-7.57,-3.3
23.6,1870.2,-7.66,-3.3
23.7,1869.8,-7.61,-3.27
23.8,1869.4,-7.46,-3.31
23.9,1869,-7.3,-3.3
24,1868.6,-7.43,-3.34
24.1,1868.2,-7.47,-3.32
24.2,1867.8,-7.69,-3.62
24.3,1867.4,-7.62,-3.49
24.4,1867,-7.66,-3.59
24.5,1866.6,-7.84,-3.69
24.6,1866.2,-8.16,-3.62
24.7,1865.8,-8.1,-3.65
24.8,1865.4,-8.52,-3.86
24.9,1865,-8.19,-3.58
25,1864.7,-8.3,-3.61
25.1,1864.3,-8.32,-3.6
25.2,1863.9,-8.48,-3.48
25.3,1863.5,-8.7,-3.58
25.4,1863.2,-8.73,-3.69
25.5,1862.8,-8.75,-3.66
25.6,1862.4,-8.45,-3.56
25.7,1862,-8.58,-3.68
25.8,1861.7,-8.45,-3.65
25.9,1861.3,-8.32,-3.56
26,1861,-8.62,-3.75
26.1,1860.6,-8.59,-3.73
26.2,1860.2,-8.28,-3.65
26.3,1859.9,-8.59,-3.83
26.4,1859.5,-8.59,-3.65
26.5,1859.2,-8.5,-3.55
26.6,1858.8,-8.53,-3.58
26.7,1858.5,-8.39,-3.41
26.8,1858.1,-8.44,-3.54
26.9,1857.8,-8.36,-3.55
27,1857.4,-8.36,-3.52
27.1,1857.1,-8.07,-3.43
27.2,1856.8,-7.88,-3.45
40.9,1817.8,-7.36,-3
41,1817.5,-7.96,-3.22
41.1,1817.2,-7.51,-3.29
41.2,1816.9,-7.91,-3.22
41.3,1816.6,-7.85,-3.29
41.4,1816.3,-7.78,-3.26
41.5,1816,-7.85,-3.27
41.6,1815.7,-7.97,-3.35
41.7,1815.4,-7.77,-3.31
41.8,1815.1,-7.69,-3.34
41.9,1814.8,-7.5,-2.7
42,1814.5,-7.42,-4.17
42.1,1814.2,-7.98,-3.42
42.2,1813.8,-8.13,-3.61
42.3,1813.5,-7.92,-3.48
42.4,1813.2,-7.59,-3.3
42.5,1812.9,-7.82,-3.22
42.6,1812.6,-7.53,-3.37
42.7,1812.2,-7.48,-3.24
42.8,1811.9,-7.99,-3.69
42.9,1811.6,-7.17,-3.03
43,1811.3,-7.45,-3.02
43.1,1810.9,-7.85,-3.51
43.2,1810.6,-7.76,-3.39
43.3,1810.3,-7.85,-3.48
43.4,1809.9,-7.85,-2.99
43.5,1809.6,-7.77,-3.22
43.6,1809.3,-7.94,-3.38
43.7,1809,-8.18,-3.57
43.8,1808.6,-7.83,-3.27
43.9,1808.3,-8.04,-3.48
44,1807.9,-7.74,-3.16
44.1,1807.6,-7.87,-3.68
44.2,1807.2,-8.09,-3.9
44.3,1806.9,-8.05,-3.76
44.4,1806.6,-7.76,-3.6
44.5,1806.2,-7.75,-3.69
44.6,1805.8,-7.39,-3.71
44.7,1805.5,-7.87,-3.7
44.8,1805.1,-7.46,-3.5
44.9,1804.7,-7.47,-3.56
45,1804.4,-7.45,-3.59
45.1,1804,-7.2,-3.73
45.2,1803.7,-7.3,-3.89
45.3,1803.3,-7.24,-3.94
45.4,1802.9,-7.51,-3.95
45.5,1802.5,-7.42,-3.92
45.6,1802.2,-7.64,-4.08
45.7,1801.8,-7.54,-4.08
45.8,1801.4,-7.5,-4.18
45.9,1801,-7.68,-4.15
46,1800.6,-7.63,-4.17
46.1,1800.2,-7.44,-3.71
46.2,1799.8,-7.21,-3.58
46.3,1799.4,-7.39,-3.75
46.4,1799,-7.2,-3.65
46.5,1798.6,-7.53,-3.95
46.6,1798.2,-7.16,-3.47
46.7,1797.8,-7.7,-4.21
46.8,1797.4,-7.49,-3.68
46.9,1797,-8.08,-4.69
47,1796.6,-7.34,-3.46
47.1,1796.2,-7.21,-3.45
47.2,1795.8,-7.4,-3.54
47.3,1795.4,-7.48,-3.36
47.4,1794.9,-7.27,-3.12
47.5,1794.5,-7.34,-3.27
47.6,1794.1,-7.5,-3.39
61.3,1678.2,-7.68,-3.86
61.4,1677.8,-7.65,-3.59
61.5,1677.3,-7.67,-3.67
61.6,1676.9,-7.51,-3.33
61.7,1676.4,-7.72,-4.44
61.8,1675.9,-7.31,-3.4
61.9,1675.4,-7.47,-3.65
62,1674.9,-7.51,-3.56
62.1,1674.4,-7.47,-4.03
62.2,1674,-7.53,-4.06
62.3,1673.6,-7.49,-3.75
62.4,1673.3,-7.45,-3.68
62.5,1672.9,-7.59,-3.73
62.6,1672.6,-7.5,-4.23
62.7,1672.2,-7.34,-3.65
62.8,1671.8,-7.3,-3.47
62.9,1671.4,-7.37,-3.58
63,1671,-7.52,-3.99
63.1,1670.7,-7.42,-3.9
63.2,1670.4,-7.38,-3.54
63.3,1670,-7.35,-3.41
63.4,1669.6,-7.21,-3.84
63.5,1669.3,-7.65,-3.43
63.6,1668.9,-7.56,-3.55
63.7,1668.5,-7.64,-3.53
63.8,1668.1,-7.78,-3.53
63.9,1667.7,-7.65,-3.62
64,1667.4,-7.72,-3.59
64.1,1667.1,-7.56,-3.87
64.2,1666.7,-7.61,-3.75
64.3,1666.4,-7.77,-3.82
64.4,1666.2,-7.78,-3.75
64.5,1666,-7.76,-3.84
64.6,1665.7,-7.79,-3.66
64.7,1665.5,-7.75,-3.79
64.8,1665.2,-8.06,-3.91
64.9,1665,-8,-3.73
65,1664.7,-7.96,-3.95
65.1,1664.5,-8.14,-3.79
65.2,1664.3,-8.13,-3.86
65.3,1664,-8.04,-3.71
65.4,1663.7,-8.1,-3.9
65.5,1663.4,-8,-3.78
65.6,1663.2,-8.05,-3.86
65.7,1662.9,-8.36,-3.76
65.8,1662.5,-8.22,-3.7
65.9,1662.1,-8.1,-3.73
66,1661.7,-8.31,-3.72
66.1,1661.4,-8.35,-3.81
66.2,1661,-8.2,-3.73
66.3,1660.7,-8.26,-3.89
66.4,1660.3,-8.41,-3.75
66.5,1660.1,-8.29,-3.71
66.6,1659.7,-8.23,-3.7
66.7,1659.4,-8.32,-3.77
66.8,1659.1,-8.23,-3.47
66.9,1658.8,-8.34,-3.67
67,1658.4,-8.34,-3.65
67.1,1658.1,-8.3,-3.85
67.2,1657.8,-7.96,-3.67
67.3,1657.4,-7.8,-3.47
67.4,1657,-7.17,-3.52
67.5,1656.6,-7.04,-3.48
67.6,1656.3,-7.19,-3.87
67.7,1655.9,-6.87,-3.75
67.8,1655.5,-6.97,-3.53
67.9,1655.2,-7.07,-3.32
68,1654.9,-7.03,-3.36
81.7,1595.9,,
81.8,1595.8,,
81.9,1595.7,,
82,1595.6,-7.92,-3.52
82.1,1595.5,-8.01,-3.46
82.2,1595.5,-8.31,-4.04
82.3,1595.4,-7.66,-3.28
82.4,1595.3,-7.81,-3.35
82.5,1595.2,-7.81,-3.43
82.6,1595.1,-8.08,-3.54
82.7,1595,-8.08,-3.33
82.8,1594.9,-7.94,-3.11
82.9,1594.8,-7.95,-3.15
83,1594.7,-7.97,-3.26
83.1,1594.6,-8.05,-3.21
83.2,1594.5,-7.98,-3.41
83.3,1594.4,-8.03,-3.18
83.4,1594.4,-7.87,-3.17
83.5,1594.3,-7.67,-3.28
83.6,1594.3,-7.69,-3.28
83.7,1594.2,-8.07,-3.57
83.8,1594.2,-7.92,-3.27
83.9,1594.1,-7.82,-3.28
84,1594.1,-7.77,-3.37
84.1,1594,-8.27,-3.68
84.2,1594,-8.11,-3.51
84.3,1594,-8.05,-3.25
84.4,1593.9,,
84.5,1593.9,-8.2,-3.67
84.6,1593.8,-8.18,-3.42
84.7,1593.7,-8.13,-3.27
84.8,1593.7,-8.07,-3.26
84.9,1593.6,-8.36,-3.59
85,1593.5,-8.33,-3.61
85.1,1593.5,-8.13,-3.42
85.2,1593.4,-8.03,-3.43
85.3,1593.4,-8.13,-4.1
85.4,1593.3,-8.07,-3.51
85.5,1593.2,-8.04,-3.45
85.6,1593.1,-7.94,-3.54
85.7,1593,-8.15,-3.39
85.8,1592.9,-7.95,-3.34
85.9,1592.9,-7.98,-3.33
86,1592.8,-7.92,-3.53
86.1,1592.7,-7.94,-3.28
86.2,1592.6,-7.97,-3.32
86.3,1592.5,-7.99,-3.47
86.4,1592.4,-8.26,-3.78
86.5,1592.3,-8.14,-3.61
86.6,1592.2,-8,-3.42
86.7,1592.1,-8.11,-3.57
86.8,1592,-8.27,-3.79
86.9,1591.9,-7.9,-3.48
87,1591.8,-8.29,-3.84
87.1,1591.7,-8.12,-3.61
87.2,1591.6,-8.17,-3.58
87.3,1591.5,-8.29,-3.85
87.4,1591.3,-8.11,-3.4
87.5,1591.2,-8.17,-3.37
87.6,1591,-8.2,-3.47
87.7,1590.9,-8.18,-3.45
87.8,1590.8,-8.14,-3.49
87.9,1590.6,-8.34,-3.7
88,1590.4,-8.06,-3.5
88.1,1590.2,,
88.2,1590.1,-8.16,-3.67
88.3,1589.9,-8.44,-3.92
88.4,1589.8,-7.95,-3.58
102.1,1495.9,-8.41,-3.56
102.2,1495.6,-8.44,-3.64
102.3,1495.3,-8.47,-3.8
102.4,1495.1,-8.36,-3.67
102.5,1494.8,-8.39,-3.74
102.6,1494.6,-8.4,-3.78
102.7,1494.3,-8.34,-3.8
102.8,1494.1,-8.36,-3.94
102.9,1493.9,-8.2,-3.81
103,1493.7,-7.88,-3.59
103.1,1493.4,-7.89,-3.62
103.2,1493.1,-7.91,-3.73
103.3,1492.9,-7.88,-3.84
103.4,1492.7,-7.69,-3.65
103.5,1492.5,-7.7,-3.73
103.6,1492.4,-7.53,-3.51
103.7,1492.2,-7.68,-3.61
103.8,1492,-7.67,-3.53
103.9,1491.6,-7.68,-3.53
104,1491.4,-7.58,-3.41
104.1,1491.3,-7.55,-3.45
104.2,1491.1,-7.43,-3.49
104.3,1490.9,-7.4,-3.51
104.4,1490.7,-7.57,-3.49
104.5,1490.3,-7.61,-3.49
104.6,1490,-7.53,-3.45
104.7,1489.8,-7.48,-3.47
104.8,1489.6,-7.3,-3.47
104.9,1489.4,-7.38,-3.47
105,1489.1,-7.51,-3.49
105.1,1488.9,-7.56,-3.5
105.2,1488.8,-7.67,-3.46
105.3,1488.6,-7.61,-3.45
105.4,1488.4,-7.6,-3.41
105.5,1488.3,-7.62,-3.5
105.6,1488.1,-7.68,-3.56
105.7,1487.9,-7.69,-3.58
105.8,1487.6,-7.65,-3.73
105.9,1487.3,-7.7,-3.93
106,1486.9,-7.66,-3.91
106.1,1486.6,-7.64,-4.01
106.2,1486.4,-7.64,-3.95
106.3,1486.2,-7.55,-3.85
106.4,1485.9,-7.59,-3.83
106.5,1485.6,-7.57,-3.79
106.6,1485.3,-7.45,-3.64
106.7,1484.9,-7.44,-3.72
106.8,1484.5,-7.4,-3.73
106.9,1484.2,-7.31,-3.6
107,1484,-7.36,-3.7
107.1,1483.7,-7.3,-3.68
107.2,1483.5,-7.37,-3.82
107.3,1483.2,-7.37,-3.71
107.4,1482.9,-7.41,-3.74
107.5,1482.6,-7.41,-3.7
107.6,1482.3,-7.48,-3.82
107.7,1482.1,-7.46,-3.71
107.8,1481.8,-7.54,-3.98
107.9,1481.5,-7.33,-3.49
108,1481.2,-7.44,-3.83
108.1,1480.9,-7.51,-3.99
108.2,1480.5,-7.48,-3.6
108.3,1480.2,-7.47,-3.68
108.4,1479.9,-7.44,-3.66
108.5,1479.5,-7.38,-3.67
108.6,1479.1,-7.35,-3.95
108.7,1478.7,-7.34,-3.91
108.8,1478.3,-7.34,-4.12
122.5,1404.6,-8.26,-3.77
122.6,1403.5,-8.21,-3.76
122.7,1402.2,-8.2,-3.75
122.8,1400.9,-8.19,-3.68
122.9,1399.7,-8.18,-3.71
123,1398.5,-8.33,-3.88
123.1,1397.3,-8.34,-3.68
123.2,1396.3,-8.38,-3.72
123.3,1395.3,-8.32,-3.83
123.4,1394.4,-8.28,-3.69
123.5,1393.5,-8.34,-3.73
123.6,1392.5,-8.35,-3.72
123.7,1391.5,-8.27,-3.87
123.8,1390.6,-8.53,-3.98
123.9,1389.7,-8.75,-4
124,1388.7,-8.84,-4.02
124.1,1387.8,-8.9,-4.02
124.2,1387,-8.98,-3.99
124.3,1386.2,-8.84,-3.96
124.4,1385.5,-8.93,-3.97
124.5,1384.9,-9.03,-4.01
124.6,1384.5,-8.8,-3.88
124.7,1384.2,-8.81,-3.9
124.8,1383.8,-8.76,-3.71
124.9,1383.3,-8.86,-3.78
125,1383.1,-8.78,-3.72
125.1,1382.9,-8.66,-3.62
125.2,1382.6,-8.71,-3.62
125.3,1382.3,-8.62,-3.54
125.4,1381.9,-8.53,-3.45
125.5,1381.5,-8.62,-3.54
125.6,1381,-8.43,-3.32
125.7,1380.5,-8.56,-3.38
125.8,1380,-8.53,-3.39
125.9,1379.7,-8.59,-3.48
126,1379.4,-8.67,-3.48
126.1,1379,-8.78,-3.48
126.2,1378.7,-8.76,-3.67
126.3,1378.4,-9.02,-3.65
126.4,1378.1,-9.18,-3.72
126.5,1377.5,-9.18,-3.82
126.6,1377.1,-9.42,-3.89
126.7,1376.6,-9.27,-3.89
126.8,1376.2,-9.12,-3.77
126.9,1375.7,-8.93,-3.73
127,1375.3,-8.94,-3.71
127.1,1375,-8.77,-3.64
127.2,1374.5,-8.92,-3.67
127.3,1374.1,-8.83,-3.68
127.4,1373.7,,
127.5,1373.4,-8.57,-3.6
127.6,1373.2,-8.71,-3.65
127.7,1372.9,-8.63,-3.55
127.8,1372.6,-8.55,-3.48
127.9,1372.1,-8.57,-3.42
128,1371.8,-8.48,-3.41
128.1,1371.5,-8.49,-3.44
128.2,1371.2,-8.35,-3.42
128.3,1370.8,-8.08,-3.38
128.4,1370.4,-7.97,-3.45
128.5,1369.9,-7.84,-3.36
128.6,1369.5,-7.74,-3.36
128.7,1369.2,-7.78,-3.36
128.8,1368.8,-7.73,-3.59
128.9,1368.5,-7.71,-3.41
129,1368.1,-7.77,-3.6
129.1,1367.7,-7.85,-3.58
129.2,1367.4,-7.98,-3.68
142.9,1296.4,-9.94,-4.37
143,1295.8,-10.08,-4.53
143.1,1295.1,-9.86,-4.45
143.2,1294.5,-10,-4.46
143.3,1293.9,-9.62,-4.34
143.4,1293.3,-9.48,-4.32
143.5,1292.6,-9.2,-4.23
143.6,1292,-8.96,-4.05
143.7,1291.3,-8.95,-3.98
143.8,1290.6,-8.85,-4.04
143.9,1290,-8.9,-4.1
144,1289.3,-9.15,-4.15
144.1,1288.6,-9.9,-4.23
144.2,1287.9,-10.01,-4.27
144.3,1287.2,-10.05,-4.28
144.4,1286.4,-9.66,-4.1
144.5,1285.7,-9.91,-4.25
144.6,1284.9,-9.78,-4.15
144.7,1284.2,-9.99,-4.19
144.8,1283.4,-10.11,-4.25
144.9,1282.6,-10.2,-4.15
145,1281.7,-9.84,-3.88
145.1,1280.9,-9.66,-3.78
145.2,1280,-9.57,-3.58
145.3,1279.1,-10.03,-3.81
145.4,1278.2,-9.66,-3.68
145.5,1277.3,-8.92,-3.42
145.6,1276.3,-9.08,-3.5
145.7,1275.4,-8.71,-3.91
145.8,1274.5,-8.9,-3.99
145.9,1273.6,-8.91,-3.98
146,1272.7,-9.51,-4.27
146.1,1271.8,-8.77,-3.76
146.2,1270.9,-8.72,-3.83
146.3,1269.9,-8.84,-3.97
146.4,1269,-8.62,-3.95
146.5,1268,-9.12,-4.2
146.6,1267,-8.93,-4.34
146.7,1266.1,-8.72,-4.63
146.8,1265.2,-8.64,-4.63
146.9,1264.2,-8.57,-4.44
147,1263.3,-8.53,-4.45
147.1,1262.2,-8.79,-4.58
147.2,1261.1,-8.51,-4.39
147.3,1260,-9.18,-5.09
147.4,1258.9,-8.87,-4.84
147.5,1257.9,-8.88,-4.27
147.6,1256.8,-8.67,-4.63
147.7,1255.7,-8.62,-4.68
147.8,1254.7,-8.34,-4.25
147.9,1253.7,-8.34,-3.97
148,1252.6,-8.55,-3.86
148.1,1251.6,-8.51,-3.73
148.2,1250.5,-8.4,-3.7
148.3,1249.3,-8.27,-3.6
148.4,1248.2,-8.56,-3.83
148.5,1247.1,-8.57,-4.02
148.6,1246,-8.86,-4.37
148.7,1244.9,-8.78,-4.21
148.8,1243.8,-9.06,-4.26
148.9,1242.8,-9.35,-4.11
149,1241.7,-9.15,-4.17
149.1,1240.6,-8.95,-4.22
149.2,1239.5,-8.66,-4.09
149.3,1238.3,-8.47,-4
149.4,1237.1,-8.54,-4.05
149.5,1236,-9.04,-3.97
149.6,1234.9,-9.14,-3.93
163.3,1158.2,-7.86,-3.59
163.4,1158.1,-7.9,-3.6
163.5,1157.9,-7.91,-3.69
163.6,1157.7,-8.05,-3.75
163.7,1157.5,-8.08,-3.84
163.8,1157.3,-8.35,-3.46
163.9,1157.1,-8.17,-3.53
164,1156.9,-8.17,-3.64
164.1,1156.8,-8.39,-3.79
164.2,1156.5,-8.4,-3.81
164.3,1156.3,-8.31,-3.82
164.4,1156,-8.45,-3.68
164.5,1155.7,-8.62,-3.56
164.6,1155.5,-8.48,-3.91
164.7,1155.2,-8.5,-3.69
164.8,1155,-8.33,-3.54
164.9,1154.7,-8.34,-3.75
165,1154.5,-8.32,-3.89
165.1,1154.2,-8.19,-3.76
165.2,1153.9,-8.29,-3.7
165.3,1153.6,-8.09,-3.64
165.4,1153.3,-8.21,-3.8
165.5,1153,-8.14,-3.62
165.6,1152.7,-7.97,-3.83
165.7,1152.5,-8.27,-3.73
165.8,1152.2,-7.9,-3.7
165.9,1151.9,-8.05,-3.68
166,1151.6,-8.15,-3.41
166.1,1151.2,-8.07,-3.4
166.2,1150.9,-8.09,-3.5
166.3,1150.6,-8,-3.4
166.4,1150.4,-8.37,-3.52
166.5,1150.1,,
166.6,1149.8,-8.5,-3.97
166.7,1149.5,-8.24,-4
166.8,1149.1,-8.14,-3.54
166.9,1148.7,-8.09,-3.6
167,1148.3,-8.08,-3.84
167.1,1148,,
167.2,1147.6,-8.19,-4.32
167.3,1147.2,-8.16,-4.26
167.4,1146.8,-8.17,-4.42
167.5,1146.5,-8.1,-4.52
167.6,1146.2,-8.02,-4.59
167.7,1145.9,,
167.8,1145.4,-7.94,-4.5
167.9,1145,-7.96,-4.32
168,1144.6,-7.89,-4.38
168.1,1144.1,-7.81,-4.09
168.2,1143.6,-8.06,-4.25
168.3,1143.1,-7.77,-3.99
168.4,1142.6,-8.11,-4.33
168.5,1142.1,-8.48,-4.59
168.6,1141.6,-8.24,-4.21
168.7,1141.1,-8.04,-4.17
168.8,1140.6,-8.33,-4.12
168.9,1140,-8.35,-4.46
169,1139.3,-8.17,-3.93
169.1,1138.7,-8.73,-4.81
169.2,1138,-8.09,-3.97
169.3,1137.4,-8.04,-3.96
169.4,1136.7,-8.15,-4.4
169.5,1136,-7.93,-4.08
169.6,1135.3,-8.57,-4.78
169.7,1134.6,-8.14,-4.3
169.8,1133.9,-8.18,-4.43
169.9,1133,-7.73,-4.38
170,1132.3,-8.22,-4.39
183.7,1018.1,-7.4,-3.54
183.8,1017.5,-7.65,-3.53
183.9,1016.9,-7.7,-3.43
184,1016.2,-7.89,-3.45
184.1,1015.6,-7.75,-3.4
184.2,1015,-7.72,-3.31
184.3,1014.3,-7.68,-3.49
184.4,1013.6,-7.62,-3.16
184.5,1012.9,-7.44,-3.44
184.6,1012.3,-7.54,-3.48
184.7,1011.7,-7.77,-3.92
184.8,1011.2,-7.89,-3.83
184.9,1010.7,-7.84,-3.81
185,1010.1,-7.99,-3.89
185.1,1009.4,-7.95,-4.01
185.2,1008.9,-8,-3.96
185.3,1008.3,-8.04,-3.84
185.4,1007.8,-8.28,-4.01
185.5,1007.1,-8.33,-4.05
185.6,1006.6,-8.38,-3.85
185.7,1006,-8.43,-3.91
185.8,1005.4,-8.78,-3.94
185.9,1004.8,-8.83,-4.04
186,1004.2,-8.82,-4.03
186.1,1003.7,-8.95,-4.09
186.2,1003.1,-8.97,-3.84
186.3,1002.5,-8.99,-3.94
186.4,1001.9,-8.92,-3.71
186.5,1001.3,-8.97,-3.93
186.6,1000.7,-9.01,-3.86
186.7,1000.1,-8.88,-3.63
186.8,999.6,-8.92,-3.65
186.9,999.2,-8.97,-3.73
187,998.8,-8.9,-3.72
187.1,998.3,-8.82,-3.72
187.2,997.7,-8.87,-4.41
187.3,997.1,-8.78,-4.09
187.4,996.6,-8.61,-4.15
187.5,996,-8.56,-4.15
187.6,995.4,-8.63,-4.52
187.7,995,-8.67,-4.54
187.8,994.6,-8.61,-4.37
187.9,994.2,-8.51,-4.24
188,993.6,-8.73,-4.08
188.1,993.1,-8.6,-4.14
188.2,992.7,-8.69,-3.95
188.3,992.3,-8.9,-3.73
188.4,991.9,-8.95,-4.04
188.5,991.5,-8.77,-3.97
188.6,991.1,-8.76,-3.93
188.7,990.6,-8.69,-3.91
188.8,990.1,-8.66,-4.02
188.9,989.6,-8.65,-3.9
189,989.1,-8.43,-3.88
189.1,988.5,-8.51,-4.04
189.2,988,-8.5,-3.98
189.3,987.3,-8.45,-4
189.4,986.8,-8.41,-3.91
189.5,986.4,-8.38,-3.8
189.6,985.9,-8.39,-3.73
189.7,985.4,-8.35,-3.88
189.8,984.8,-8.3,-3.82
189.9,984.3,-8.22,-3.74
190,983.9,-7.99,-3.74
190.1,983.4,-8.23,-4.19
190.2,982.9,-8.24,-4.21
190.3,982.4,-8.21,-3.98
190.4,982,-8.3,-3.95
204.1,922.6,,
204.2,922.5,-7.78,-3.91
204.3,922.2,-7.54,-3.83
204.4,921.6,-7.65,-3.8
204.5,920.9,-7.64,-3.94
204.6,920.5,-7.54,-3.77
204.7,920,-7.75,-4.14
204.8,919.5,-7.55,-3.8
204.9,919.2,-7.64,-3.9
205,919,-7.59,-3.98
205.1,918.9,-7.6,-3.66
205.2,918.2,-7.74,-3.88
205.3,917.5,-7.53,-3.82
205.4,916.7,-7.93,-4.33
205.5,916.2,-7.85,-4.05
205.6,915.4,-7.85,-3.94
205.7,914.9,-7.95,-3.87
205.8,914.2,-7.86,-3.8
205.9,913.5,-7.9,-3.92
206,913,-7.67,-4.13
206.1,912.4,-7.64,-4.09
206.2,911.7,-7.74,-4.24
206.3,911.3,-7.8,-4.21
206.4,910.6,-7.81,-4.09
206.5,910.2,-7.91,-4.05
206.6,909.9,-7.9,-3.98
206.7,909.3,-8.18,-4.13
206.8,908.1,-8.05,-3.95
206.9,906.9,-8.21,-4.13
207,905.3,-8.21,-3.96
207.1,903.2,-8.38,-4.32
207.2,901.9,-8.38,-4.15
207.3,899.9,-8.38,-3.91
207.4,897.8,-8.37,-3.68
207.5,895.9,-8.33,-3.94
207.6,893.3,-8.37,-4.01
207.7,890.7,-8.25,-4.13
207.8,887.7,-8.16,-4.19
207.9,885.3,-8.08,-4.35
208,881.8,-8.1,-4.43
208.1,878.9,-7.95,-4.22
208.2,876.3,-7.86,-3.98
208.3,873.6,-7.84,-4.02
208.4,870.9,-8.2,-3.64
208.5,868.9,-8.29,-3.59
208.6,865.7,-8.03,-3.58
208.7,862.4,-7.9,-3.9
208.8,859.5,-7.98,-3.94
208.9,857.1,-8.24,-3.86
209,854.7,-8.2,-3.69
209.1,852.8,-8.24,-3.55
209.2,851.1,-8.11,-3.35
209.3,849,-8.04,-3.46
209.4,847,-8,-3.62
209.5,845.1,-7.89,-3.45
209.6,843.5,-7.85,-3.6
209.7,842.2,-7.61,-3.65
209.8,841,-7.59,-3.77
209.9,839.9,-7.56,-3.5
210,839,-7.57,-3.63
210.1,838,-7.29,-3.5
210.2,837,-7.27,-3.48
210.3,836.2,-7.33,-3.44
210.4,835.5,-7.62,-3.73
210.5,835,-7.37,-3.43
210.6,834.5,-7.27,-3.53
210.7,833.9,-7.36,-3.56
210.8,833.5,-7.26,-3.49
224.5,793.2,-8.13,-3.79
224.6,792.9,-8.16,-3.78
224.7,792.7,-8.19,-3.74
224.8,792.4,-8.18,-3.76
224.9,792.1,-8.03,-3.65
225,791.7,-8.06,-3.7
225.1,791.4,-8,-3.74
225.2,791.1,-8.04,-3.76
225.3,791,-8.03,-3.78
225.4,790.6,-8.14,-4
225.5,790.2,-8.04,-3.83
225.6,789.8,-7.98,-3.75
225.7,789.5,-8.19,-3.75
225.8,789.2,-8.26,-3.63
225.9,789,-8.34,-3.53
226,788.7,-8.54,-3.52
226.1,788.3,-8.58,-3.47
226.2,788.1,-8.55,-3.55
226.3,787.9,-8.39,-3.39
226.4,787.7,-8.32,-3.49
226.5,787.5,-8.18,-3.53
226.6,787.3,-8.34,-3.48
226.7,787.1,-8.24,-3.78
226.8,786.9,-8.14,-3.74
226.9,786.7,-8.38,-3.74
227,786.3,-8.23,-3.72
227.1,786.1,-8.07,-3.49
227.2,785.9,-8.06,-3.48
227.3,785.6,-8,-3.45
227.4,785.3,-8.3,-3.59
227.5,785,-8.06,-3.39
227.6,784.7,-8.29,-3.52
227.7,784.4,-8.13,-3.37
227.8,784.1,-7.96,-3.58
227.9,783.8,-8.25,-3.57
228,783.5,-8.2,-3.61
228.1,783.1,-8.06,-3.54
228.2,782.8,-8.33,-3.7
228.3,782.4,-8.38,-3.72
228.4,782,-8.39,-3.92
228.5,781.7,-8.38,-3.88
228.6,781.3,-8,-4
228.7,780.9,-8.6,-4.05
228.8,780.6,-8.62,-3.84
228.9,780.3,-8.74,-3.88
229,780,-8.82,-3.88
229.1,779.6,-8.97,-4.12
229.2,779.2,-8.9,-4.41
229.3,778.8,-8.92,-4.16
229.4,778.4,-8.81,-3.98
229.5,778,-8.59,-3.63
229.6,777.6,-8.72,-3.82
229.7,777.1,-8.65,-3.67
229.8,776.7,-8.58,-3.51
229.9,776.2,-8.68,-3.69
230,775.7,-8.59,-3.59
230.1,775.3,-8.51,-3.51
230.2,774.8,-8.35,-3.55
230.3,774.3,-8.22,-3.76
230.4,773.9,-8.37,-3.7
230.5,773.5,-8.34,-3.73
230.6,773.2,-8.36,-3.6
230.7,772.7,-8.37,-3.55
230.8,772.3,-8.41,-3.7
230.9,771.9,-8.49,-3.57
231,771.4,-8.41,-3.47
231.1,771,-8.38,-3.49
231.2,770.4,-8.32,-3.52
244.9,704.4,-9.03,-4.09
245,704.2,-8.95,-4.08
245.1,704,-9.02,-3.98
245.2,703.8,-8.69,-4.07
245.3,703.5,-8.74,-4.26
245.4,703.1,-8.45,-4.09
245.5,702.9,-8.41,-4.25
245.6,702.6,-8.33,-3.93
245.7,702.2,-8.61,-3.91
245.8,701.9,-8.63,-3.97
245.9,701.5,-8.71,-3.86
246,701.1,-8.77,-4.09
246.1,700.6,-8.64,-4.21
246.2,700.3,-8.8,-4.32
246.3,699.9,-8.69,-4.17
246.4,699.5,-8.75,-4.01
246.5,699.1,-8.81,-4.06
246.6,698.7,-8.7,-4.02
246.7,698.2,-8.75,-4.08
246.8,697.7,-8.6,-3.97
246.9,697.2,-8.72,-4.12
247,696.8,-8.72,-4.18
247.1,696.3,-8.48,-3.99
247.2,695.7,-8.57,-4.28
247.3,695.3,-8.77,-4.33
247.4,694.8,-8.84,-4.6
247.5,694.5,-8.88,-4.43
247.6,694.1,-9.1,-4.57
247.7,693.7,-9.27,-4.46
247.8,693.2,-9.3,-4.4
247.9,692.7,-9.44,-4.18
248,692.3,-9.41,-4.4
248.1,691.8,-9.68,-4.6
248.2,691.1,-9.52,-4.26
248.3,690.6,-9.45,-4.51
248.4,690,-9.4,-4.3
248.5,689.4,-9.08,-4.43
248.6,689.1,-9.29,-4.39
248.7,688.4,-9.29,-4.27
248.8,687.9,-9.51,-4.43
248.9,687.6,-9.47,-4.43
249,686.8,-9.22,-4.24
249.1,686.1,-9.37,-4.32
249.2,685.5,-9.1,-4.29
249.3,685,-8.63,-4.13
249.4,684.5,-8.94,-4.36
249.5,683.9,-8.71,-4
249.6,683.6,-8.84,-4.37
249.7,683.1,-8.63,-4.16
249.8,682.6,-8.72,-4.29
249.9,681.9,-8.64,-4.43
250,681.4,-8.67,-4.36
250.1,680.9,-8.48,-4.15
250.2,680.5,-8.44,-4.07
250.3,680,-8.58,-4.09
250.4,679.5,-8.57,-4.09
250.5,678.9,-8.59,-4.04
250.6,678.3,-8.41,-3.95
250.7,677.7,-8.69,-4.06
250.8,677.2,-8.67,-3.98
250.9,676.7,-8.82,-4.17
251,676.1,-8.8,-3.95
251.1,675.5,-8.65,-3.93
251.2,674.8,-8.86,-3.91
251.3,674.4,-8.83,-3.91
251.4,673.9,-8.72,-3.9
251.5,673.3,-8.88,-3.95
251.6,672.8,-8.62,-3.89
265.3,618.2,-9.43,-4.41
265.4,618,-9.48,-4.47
265.5,617.6,-9.41,-4.37
265.6,617.1,-9.49,-4.56
265.7,616.7,-9.49,-4.57
265.8,616.3,-9.15,-4.55
265.9,615.9,-9.09,-4.4
266,615.4,-9.07,-4.33
266.1,615,-9.13,-4.51
266.2,614.5,-9.02,-4.56
266.3,614,-9.23,-4.65
266.4,613.6,-9.35,-4.75
266.5,613.1,-9.31,-4.51
266.6,612.7,-9.34,-4.32
266.7,612.3,-9.44,-4.45
266.8,611.9,-9.62,-4.48
266.9,611.5,-9.61,-4.47
267,611.2,-9.56,-4.25
267.1,610.8,-9.52,-4.34
267.2,610.5,-9.53,-4.39
267.3,610.1,-9.45,-4.34
267.4,609.7,-9,-4.02
267.5,609.3,-8.92,-4.15
267.6,609,-8.71,-3.95
267.7,608.6,-8.63,-3.83
267.8,608.3,-8.41,-3.93
267.9,608,-8.49,-3.72
268,607.6,-8.45,-3.74
268.1,607.2,-8.26,-3.63
268.2,606.8,-8.26,-3.5
268.3,606.5,-8.24,-3.65
268.4,606,-8.22,-3.47
268.5,605.5,-8.12,-3.43
268.6,605,-8.01,-3.42
268.7,604.6,-7.88,-3.3
268.8,604.2,-7.71,-3.37
268.9,603.8,-7.66,-3.47
269,603.4,-7.49,-3.61
269.1,603,-7.47,-3.6
269.2,602.7,-7.36,-3.55
269.3,602.4,-7.39,-3.74
269.4,602,-7.13,-3.6
269.5,601.6,-7.03,-3.53
269.6,601.2,-7.21,-3.71
269.7,600.7,-7.22,-3.58
269.8,600.3,-7.32,-3.7
269.9,599.8,-7.63,-3.68
270,599.4,-7.75,-3.73
270.1,598.9,-7.68,-3.67
270.2,598.4,-7.97,-3.84
270.3,597.9,-7.91,-3.62
270.4,597.4,-8.23,-3.77
270.5,596.9,-8.28,-3.78
270.6,596.5,-8.15,-3.93
270.7,596,-8.42,-4.03
270.8,595.6,-8.42,-3.91
270.9,595.1,-8.41,-3.68
271,594.7,-8.57,-3.93
271.1,594.4,-8.34,-3.74
271.2,593.9,-8.46,-3.8
271.3,593.5,-8.54,-3.96
271.4,593,-8.83,-4.09
271.5,592.6,-8.9,-3.97
271.6,592.1,-9.14,-4.17
271.7,591.7,-9.26,-4.28
271.8,591.2,-9.27,-4.23
271.9,590.8,-9.41,-4.3
272,590.3,-9.33,-4.12
285.7,491.5,-9.84,-4.13
285.8,490.8,-9.9,-4.26
285.9,490.1,-9.56,-4.35
286,489.3,-9.31,-3.82
286.1,488.6,-9.37,-3.74
286.2,487.9,-10.6,-4.6
286.3,487.1,-9.87,-4.19
286.4,486.4,-10.05,-4.4
286.5,485.6,-10.16,-4.21
286.6,484.9,-9.84,-4.2
286.7,484.1,-9.9,-4.13
286.8,483.4,-10.21,-4.08
286.9,482.7,-10.57,-4.74
287,481.9,-10.85,-4.49
287.1,481.1,-11.17,-4.57
287.2,480.4,-11.86,-4.67
287.3,479.7,-11.82,-4.52
287.4,479,-11.88,-4.66
287.5,478.3,-11.81,-4.75
287.6,477.7,-11.92,-4.58
287.7,476.9,-11.77,-4.55
287.8,476.2,-11.55,-4.62
287.9,475.6,-11.34,-4.58
288,475,-10.8,-4.27
288.1,474.5,-10.72,-4.24
288.2,473.9,-10.48,-4.42
288.3,473.3,-10.13,-4.36
288.4,472.7,-9.86,-3.98
288.5,472.1,-9.98,-4.35
288.6,471.5,-9.71,-3.99
288.7,470.9,-9.67,-4.23
288.8,470.3,-9.34,-3.89
288.9,469.7,-9.16,-3.9
289,469.1,-9.12,-3.99
289.1,468.5,-9.07,-3.99
289.2,468,-8.93,-3.89
289.3,467.4,-9.04,-3.83
289.4,466.8,-9.04,-3.83
289.5,466.3,-8.97,-3.72
289.6,465.7,-9.17,-3.79
289.7,465.2,-9.07,-3.65
289.8,464.7,-9.16,-3.76
289.9,464.1,-9.3,-3.82
290,463.6,-9.23,-3.86
290.1,463.1,-9.39,-3.83
290.2,462.6,-9.56,-4.06
290.3,462.2,-9.48,-4
290.4,461.8,-9.56,-4.06
290.5,461.2,-9.51,-4.13
290.6,460.7,-9.47,-4.06
290.7,460.2,-9.51,-4.07
290.8,459.6,-9.68,-4.12
290.9,459.1,-9.71,-4.12
291,458.6,-9.68,-4.09
291.1,458.2,-9.59,-4.02
291.2,457.8,-9.64,-4.11
291.3,457.4,-9.47,-4.14
291.4,457.2,-9.46,-4.1
291.5,456.8,-9.36,-4.02
291.6,456.4,-9.36,-4.21
291.7,456,-9.2,-4.14
291.8,455.6,-9.14,-4.08
291.9,455.1,-9.06,-4.14
292,454.6,-8.98,-4.19
292.1,454.4,-8.95,-4.12
292.2,454.1,-8.83,-4.15
292.3,453.8,-8.77,-3.99
292.4,453.6,-8.66,-3.74
306.1,432.4,-8.6,-3.71
306.2,432.4,-8.66,-3.68
306.3,432.2,-8.71,-3.81
306.4,431.9,-8.65,-3.59
306.5,431.8,-8.68,-3.67
306.6,431.7,-8.71,-3.66
306.7,431.7,-8.74,-3.46
306.8,431.6,-8.79,-3.21
306.9,431.6,-8.75,-3.37
307,431.5,-8.71,-3.25
307.1,431.5,-8.74,-3.22
307.2,431.4,-8.74,-3.2
307.3,431.4,-8.69,-3.31
307.4,431.4,-8.79,-3.32
307.5,431.4,-8.77,-3.13
307.6,431.4,-8.85,-3.13
307.7,431.3,-8.96,-3.17
307.8,431.2,-8.72,-3.05
307.9,431,-8.83,-3.56
308,430.8,-8.74,-3.14
308.1,430.6,-8.56,-3.32
308.2,430.5,-8.69,-3.15
308.3,430.3,-8.69,-3.27
308.4,430.2,-8.68,-3.27
308.5,430.1,-8.72,-3.42
308.6,430.1,-8.71,-3.39
308.7,429.9,-8.48,-3.42
308.8,429.8,-8.49,-3.44
308.9,429.7,-8.46,-3.31
309,429.6,-8.46,-3.41
309.1,429.5,-8.37,-3.49
309.2,429.3,-8.32,-3.39
309.3,429.1,-8.52,-3.61
309.4,429.1,-8.68,-3.63
309.5,429,-8.39,-3.36
309.6,428.9,-8.49,-3.41
309.7,428.9,-8.61,-3.44
309.8,428.8,-8.61,-3.32
309.9,428.6,-8.62,-3.38
310,428.5,-8.7,-3.4
310.1,428.5,-8.76,-3.43
310.2,428.4,-8.71,-3.37
310.3,428.4,-8.83,-3.5
310.4,428.3,,
310.5,428.3,-8.73,-3.45
310.6,428.2,-8.67,-3.69
310.7,427.9,,
310.8,427.6,-8.87,-3.4
310.9,427.3,-8.8,-3.37
311,427,-8.84,-3.53
311.1,426.8,-8.78,-3.42
311.2,426.6,-8.67,-3.49
311.3,426.5,-8.73,-3.47
311.4,426.3,-8.58,-3.57
311.5,426.1,-8.78,-3.6
311.6,425.9,-8.79,-3.63
311.7,425.7,-8.83,-3.78
311.8,425.5,-8.68,-3.67
311.9,425.3,-8.75,-3.49
312,425,-8.71,-3.44
312.1,424.8,-8.81,-3.47
312.2,424.5,-8.79,-3.49
312.3,424.2,-8.93,-3.57
312.4,423.8,-8.7,-3.5
312.5,423.5,-8.73,-3.49
312.6,423.1,-8.71,-3.38
312.7,422.8,-8.72,-3.31
312.8,422.5,-8.75,-3.3
326.5,350.6,-7.86,-3.72
326.6,350.2,-7.75,-3.65
326.7,349.9,-7.96,-3.61
326.8,349.6,-7.37,-3.46
326.9,349.2,-7.17,-3.49
327,348.9,-7.14,-3.82
327.1,348.5,-7.07,-3.43
327.2,347.9,-6.98,-3.59
327.3,347.6,-7.02,-3.46
327.4,347.2,-7.36,-3.49
327.5,346.9,-7.16,-3.58
327.6,346.5,-7.35,-3.55
327.7,346.2,-7.78,-3.83
327.8,345.8,-7.48,-3.78
327.9,345.6,-7.64,-3.93
328,345.3,-7.71,-3.7
328.1,344.9,-7.71,-4.22
328.2,344.4,-7.82,-4.51
328.3,343.9,-8.3,-3.78
328.4,343.5,-8.26,-3.67
328.5,343.2,-7.98,-4.03
328.6,342.9,,
328.7,342.5,-8.35,-3.68
328.8,342.1,-8.76,-4.28
328.9,341.6,,
329,341.1,-8.32,-3.63
329.1,340.7,-8.24,-3.54
329.2,340.2,-7.85,-3.52
329.3,339.9,-7.85,-3.6
329.4,339.5,,
329.5,339.1,-7.6,-3.57
329.6,338.7,-7.69,-3.91
329.7,338.2,-7.5,-3.63
329.8,337.8,-7.61,-3.88
329.9,337.3,-7.75,-3.35
330,336.9,-7.51,-3.65
330.1,336.5,-7.69,-3.78
330.2,336,-7.8,-4.16
330.3,335.6,-7.86,-3.66
330.4,335.2,-7.74,-3.68
330.5,334.7,-7.85,-3.59
330.6,334.2,-7.91,-3.75
330.7,333.7,-7.94,-3.97
330.8,333.2,-7.83,-3.55
330.9,332.8,-7.86,-3.47
331,332.2,-7.82,-4.16
331.1,331.7,-7.84,-3.89
331.2,331.2,-8,-3.66
331.3,330.8,-7.72,-3.52
331.4,330.3,-7.63,-3.66
331.5,329.7,-7.76,-3.43
331.6,329.2,-7.96,-3.7
331.7,328.6,-7.72,-3.54
331.8,328.1,-7.77,-3.59
331.9,327.6,-7.95,-4.14
332,327,-7.69,-3.8
332.1,326.4,-7.84,-4.24
332.2,325.9,-8.32,-3.78
332.3,325.2,-8.5,-4
332.4,324.5,-8.3,-3.73
332.5,323.8,-8.38,-4.13
332.6,323.1,-8.36,-4.03
332.7,322.3,-8.28,-3.82
332.8,321.5,-8.17,-3.72
332.9,320.6,-8.24,-3.79
333,319.8,-8.36,-3.72
333.1,318.9,-8.12,-3.81
333.2,318.4,-8.42,-3.53
346.9,225.1,-7.62,-3.31
347,224.6,-7.67,-3.3
347.1,223.8,-7.52,-3.33
347.2,223.2,-7.55,-3.29
347.3,222.6,-7.45,-3.35
347.4,222,-7.36,-3.34
347.5,221.4,-7.45,-3.4
347.6,220.8,-7.34,-3.39
347.7,220.1,-7.29,-3.44
347.8,219.4,-7.3,-3.27
347.9,218.8,-7.21,-3.33
348,218.3,-7.18,-3.38
348.1,217.5,-7.19,-3.44
348.2,216.9,-7.22,-3.49
348.3,216.2,-7.1,-3.44
348.4,215.5,-7.15,-3.4
348.5,215,-7.15,-3.43
348.6,214.5,-7.12,-3.3
348.7,214,-7.11,-3.2
348.8,213.4,-7.22,-3.27
348.9,213,-7.15,-3.27
349,212.5,-7.1,-3.21
349.1,211.9,-7.2,-3.24
349.2,211.6,-7.24,-3.23
349.3,211,-7.27,-3.4
349.4,210.3,-7.36,-3.45
349.5,209.6,-7.4,-3.65
349.6,209.2,-7.56,-3.71
349.7,208.8,-7.7,-3.78
349.8,208.3,-7.79,-3.89
349.9,207.6,-7.87,-3.85
350,206.9,-7.66,-3.88
350.1,206.4,-7.94,-3.82
350.2,205.8,-7.97,-3.65
350.3,205.2,-7.92,-3.66
350.4,204.6,-7.94,-3.58
350.5,204,-8.03,-3.64
350.6,203.4,-8.09,-3.7
350.7,202.8,-8.03,-3.73
350.8,202.3,-8.08,-3.79
350.9,201.8,-7.99,-3.63
351,201.4,-7.9,-3.67
351.1,201,-7.83,-3.67
351.2,200.6,-7.86,-3.9
351.3,200.2,-7.7,-3.87
351.4,199.8,-7.58,-3.73
351.5,199.4,-7.69,-3.86
351.6,199,-7.74,-3.92
351.7,198.5,-7.67,-3.9
351.8,198.1,-7.64,-4.13
351.9,197.6,-7.57,-3.61
352,197.2,-7.59,-3.58
352.1,196.8,-7.66,-3.95
352.2,196.3,-7.49,-3.81
352.3,195.7,-7.53,-3.66
352.4,195.1,-7.63,-3.9
352.5,194.7,-7.64,-3.65
352.6,194.4,-7.66,-3.55
352.7,194,-7.63,-3.51
352.8,193.6,-7.59,-3.36
352.9,193.2,-7.58,-3.4
353,192.8,-7.57,-3.31
353.1,192.2,-7.55,-3.29
353.2,191.8,-7.65,-3.43
353.3,191.4,-7.64,-3.29
353.4,190.9,-7.69,-3.3
353.5,190.5,-7.64,-3.18
353.6,190.2,-7.61,-3.26
367.3,150.3,-7.88,-3.63
367.4,149.8,-7.93,-3.73
367.5,149.3,-7.86,-3.53
367.6,148.6,-7.81,-3.51
367.7,148,-7.81,-3.44
367.8,147.4,-7.85,-3.43
367.9,146.8,-7.93,-3.5
368,146.2,-8.02,-3.56
368.1,145.6,-8.01,-3.54
368.2,144.9,-8.16,-3.86
368.3,144.2,-7.82,-3.37
368.4,143.6,-8.1,-3.5
368.5,142.9,-7.95,-3.37
368.6,142.3,-7.79,-3.25
368.7,141.5,-7.97,-3.47
368.8,140.8,-7.92,-3.49
368.9,140.1,-8,-3.68
369,139.4,-7.83,-3.49
369.1,138.7,-7.69,-3.39
369.2,138,-7.91,-3.62
369.3,137.3,-8.18,-3.91
369.4,136.9,-7.83,-3.55
369.5,136.4,-7.93,-3.47
369.6,135.9,-7.96,-3.59
369.7,135.5,-8.17,-3.71
369.8,134.9,-7.94,-3.63
369.9,134.4,-8.11,-3.82
370,133.6,-7.75,-3.47
370.1,132.7,-7.97,-3.6
370.2,131.8,-7.95,-3.53
370.3,131.1,-8.22,-3.98
370.4,130.4,-8.1,-3.7
370.5,129.5,-8.04,-3.67
370.6,128.6,-7.95,-3.44
370.7,127.7,-8.09,-3.53
370.8,127,-8.02,-3.5
370.9,126.3,-7.98,-3.5
371,125.7,-7.76,-3.35
371.1,125,-8.2,-3.91
371.2,124.2,-8.06,-3.76
371.3,123.4,-8.08,-3.87
371.4,122.6,,
371.5,121.8,-8.12,-3.88
371.6,121,-8.03,-3.91
371.7,120.3,-8.2,-4.2
371.8,119.7,-8.14,-4.01
371.9,119.1,-8,-3.96
372,118.4,-7.93,-4.06
372.1,117.8,-8.21,-4.17
372.2,117.2,-6.65,-3.44
372.3,116.6,-7.2,-3.93
372.4,116,-8.26,-3.72
372.5,115.2,,
372.6,114.4,,
372.7,113.6,-8.16,-3.48
372.8,112.8,,
372.9,112,-7.92,-3.5
373,111.2,,
373.1,110.5,-7.92,-3.56
373.2,109.6,-7.91,-3.75
373.3,108.7,-7.77,-3.58
373.4,107.8,-7.86,-3.49
373.5,106.9,-7.82,-3.58
373.6,106.1,-7.89,-3.57
373.7,105.4,-7.9,-3.67
373.8,104.9,-8.1,-3.68
373.9,104.5,-7.89,-3.85
374,104.1,-7.8,-4
387.7,53.5,-8.6,-3.68
387.8,53.2,-8.6,-3.69
387.9,52.9,-8.67,-3.67
388,52.7,-8.61,-3.73
388.1,52.4,-8.64,-3.66
388.2,52.2,-8.67,-3.72
388.3,51.9,-8.67,-3.72
388.4,51.6,-8.68,-3.76
388.5,51.2,-8.65,-3.71
388.6,50.9,-8.69,-3.83
388.7,50.6,-8.74,-3.83
388.8,50.2,-8.61,-3.81
388.9,49.9,-8.65,-3.65
389,49.6,-8.78,-3.65
389.1,49.2,-8.7,-3.64
389.2,48.9,-8.65,-3.57
389.3,48.5,-8.77,-3.74
389.4,48.2,-8.69,-3.69
389.5,47.7,-8.69,-3.99
389.6,47.3,-8.74,-3.88
389.7,46.9,-8.64,-3.93
389.8,46.5,-8.66,-3.86
389.9,46,-8.71,-3.93
390,45.7,-8.61,-3.87
390.1,45.3,-8.7,-3.92
390.2,44.8,-8.69,-3.82
390.3,44.3,-8.62,-3.72
390.4,43.7,-8.75,-3.71
390.5,43.1,-8.85,-3.64
390.6,42.5,-8.47,-4.09
390.7,42,-8.57,-3.84
390.8,41.7,-8.75,-3.72
390.9,41.3,-8.66,-3.73
391,40.9,-8.65,-3.57
391.1,40.4,-8.65,-3.65
391.2,40,-8.56,-3.5
391.3,39.4,,
391.4,38.8,-8.36,-4.51
391.5,38.3,-8.44,-3.63
391.6,37.8,-8.41,-3.75
391.7,37.4,-8.19,-4.09
391.8,36.9,-8.39,-4.21
391.9,36.4,-8.41,-4.31
392,35.8,-8.31,-4.12
392.1,35.3,-8.12,-4.45
392.2,34.8,-8.07,-4.13
392.3,34.3,-7.97,-4.24
392.4,33.9,-8.18,-4.21
392.5,33.4,-7.94,-4.1
392.6,32.9,-7.98,-4.01
392.7,32.6,-8.05,-3.97
392.8,32.3,-8.4,-3.91
392.9,32,-8.34,-4.33
393,31.6,-8.64,-4.14
393.1,31.1,-8.7,-3.96
393.2,30.6,-8.62,-4.08
393.3,30.4,-8.6,-4.14
393.4,30.1,-8.41,-4.1
393.5,29.6,-8.59,-4.12
393.6,29.1,-8.42,-4.15
393.7,28.6,-8.55,-3.89
393.8,28.1,-8.65,-3.88
393.9,27.7,-8.67,-3.76
394,27.3,-8.73,-3.62
394.1,26.9,-8.73,-3.6
394.2,26.4,-8.67,-3.61
394.3,26,-8.54,-3.53
394.4,25.5,-8.4,-3.35
408.1,-15.2,-7.66,-3.57
408.2,-15.4,-7.8,-3.54
408.3,-15.5,-7.83,-3.47
408.4,-15.7,-7.83,-3.49
408.5,-16,-8.02,-3.5
408.6,-16.2,-8.08,-3.61
408.7,-16.4,-8.47,-3.76
408.8,-16.7,-8.46,-3.63
408.9,-17.1,-8.62,-3.61
409,-17.4,-8.66,-3.49
409.1,-17.7,-8.66,-3.45
409.2,-18.1,-8.72,-3.44
409.3,-18.4,-8.72,-3.44
409.4,-18.6,-8.71,-3.4
409.5,-18.8,-8.75,-3.4
409.6,-19,-8.66,-3.44
409.7,-19.3,-8.73,-3.54
409.8,-19.6,-8.8,-3.68
409.9,-20,-8.61,-3.57
410,-20.3,-8.6,-3.61
410.1,-20.7,-8.53,-3.48
410.2,-21,-8.55,-3.55
6.9,1951.2,-7.59,-3.12
7,1951.1,-7.65,-3.13
7.1,1950.9,-7.5,-3.22
7.2,1950.8,-7.43,-3.14
7.3,1950.7,-7.55,-3.31
7.4,1950.7,-7.83,-3.21
7.5,1950.6,-8.21,-3.38
7.6,1950.5,-8.27,-3.3
7.7,1950.4,-8.49,-3.45
7.8,1950.3,-8.46,-3.42
7.9,1950.2,-8.49,-3.45
8,1950.1,-8.39,-3.3
8.1,1950,-8.34,-3.39
8.2,1949.9,-8.27,-3.34
8.3,1949.8,-8.25,-3.5
8.4,1949.7,-8.3,-3.16
8.5,1949.6,-8.16,-3.62
8.6,1949.5,-8.13,-3.61
8.7,1949.4,-8.07,-3.54
8.8,1949.3,-7.95,-3.55
8.9,1949.1,-7.76,-3.48
9,1949,-7.63,-3.4
9.1,1948.9,-7.55,-3.45
9.2,1948.7,-7.62,-3.54
9.3,1948.6,-7.7,-3.6
9.4,1948.4,-7.81,-3.55
9.5,1948.2,-7.83,-3.54
9.6,1948.1,-7.86,-3.52
9.7,1947.9,-7.89,-3.4
9.8,1947.7,-7.85,-3.31
9.9,1947.5,-7.82,-3.24
10,1947.3,-7.75,-3.2
10.1,1947.1,-7.78,-3.29
10.2,1946.8,-7.96,-3.4
10.3,1946.6,-7.97,-3.51
10.4,1946.3,-8.01,-3.59
10.5,1945.9,-8.25,-3.58
10.6,1945.7,-8.14,-3.4
10.7,1945.3,-8.27,-3.47
10.8,1945,-8.16,-3.52
10.9,1944.6,-8.12,-3.47
11,1944.2,-8.03,-3.43
11.1,1943.8,-8.11,-3.49
11.2,1943.5,-8.08,-3.39
11.3,1943.1,-8.09,-3.31
11.4,1942.7,-8.07,-3.52
11.5,1942.3,-8.18,-3.57
11.6,1941.9,-8.12,-3.13
11.7,1941.5,-8.14,-3.28
11.8,1941.1,-8.07,-3.5
11.9,1940.6,-8.03,-3.46
12,1940.2,-7.91,-3.49
12.1,1939.7,-7.87,-3.48
12.2,1939.3,-7.8,-3.48
12.3,1938.8,-7.66,-3.47
12.4,1938.3,-7.81,-3.61
12.5,1937.8,-7.65,-3.47
12.6,1937.2,-7.48,-3.36
12.7,1936.7,-7.54,-3.44
12.8,1936.2,-7.66,-3.44
12.9,1935.6,-7.8,-3.37
13,1935.1,-7.89,-3.61
13.1,1934.5,-7.95,-3.41
13.2,1934,-8.04,-3.57
13.3,1933.4,-8.03,-3.62
13.4,1932.9,-7.97,-3.64
13.5,1932.3,-8.22,-3.38
13.6,1931.7,-8.17,-3.4
27.3,1856.4,-7.77,-4.1
27.4,1856.1,-7.45,-3.58
27.5,1855.7,-7.2,-3.71
27.6,1855.4,-6.95,-3.33
27.7,1855.1,-6.88,-3.86
27.8,1854.8,-6.6,-4.06
27.9,1854.4,-6.51,-4.07
28,1854.1,-6.35,-3.58
28.1,1853.8,-6.07,-3.65
28.2,1853.4,-6.5,-4.22
28.3,1853.1,-6.8,-3.52
28.4,1852.8,-7.17,-3.94
28.5,1852.5,-7.4,-4.27
28.6,1852.1,-7.9,-3.83
28.7,1851.8,-8.31,-3.81
28.8,1851.5,-8.35,-3.73
28.9,1851.2,-8.35,-3.83
29,1850.9,-8.27,-3.24
29.1,1850.6,-8.45,-3.69
29.2,1850.3,-8.38,-3.74
29.3,1850,-8.4,-3.78
29.4,1849.7,-8.54,-3.7
29.5,1849.4,-8.39,-3.52
29.6,1849.1,-8.35,-3.86
29.7,1848.8,-8.42,-3.98
29.8,1848.5,-8.39,-3.82
29.9,1848.2,-8.52,-3.96
30,1847.9,-8.48,-3.88
30.1,1847.6,-8.17,-3.94
30.2,1847.3,-8.03,-3.78
30.3,1847,-8.02,-4.1
30.4,1846.7,-8.12,-3.96
30.5,1846.4,-7.97,-3.86
30.6,1846.1,-7.97,-3.88
30.7,1845.8,-7.9,-3.42
30.8,1845.5,-7.76,-3.47
30.9,1845.2,-7.97,-3.64
31,1844.9,-7.81,-3.62
31.1,1844.6,-7.93,-3.55
31.2,1844.4,-8.21,-3.66
31.3,1844.1,-8.22,-3.7
31.4,1843.8,-8.24,-3.74
31.5,1843.5,-8.25,-3.56
31.6,1843.2,-8.33,-3.61
31.7,1843,-8.25,-3.62
31.8,1842.7,-8.5,-3.84
31.9,1842.4,-8.43,-3.79
32,1842.1,-8.44,-3.88
32.1,1841.8,-8.21,-3.69
32.2,1841.6,-8.2,-3.77
32.3,1841.3,-7.94,-3.67
32.4,1841,-8.07,-3.75
32.5,1840.7,-8.12,-3.84
32.6,1840.5,-7.93,-3.73
32.7,1840.2,-8.15,-3.69
32.8,1839.9,-8.27,-3.81
32.9,1839.7,-8.4,-3.91
33,1839.4,-8.22,-3.78
33.1,1839.1,-8.09,-3.84
33.2,1838.9,-8.13,-3.89
33.3,1838.6,-8.37,-3.84
33.4,1838.3,-8.27,-3.77
33.5,1838,-8.21,-3.73
33.6,1837.7,-8.3,-3.7
33.7,1837.5,-8.12,-3.58
33.8,1837.2,-8.06,-3.6
33.9,1836.9,-7.95,-3.57
34,1836.6,-7.87,-3.65
47.7,1793.7,-7.27,-3.09
47.8,1793.2,-7.14,-3.19
47.9,1792.8,-7.21,-3.09
48,1792.4,-7.29,-3.17
48.1,1791.9,-7.16,-3.15
48.2,1791.5,-7.1,-3.13
48.3,1791,-7.05,-3.23
48.4,1790.6,-7.22,-3.14
48.5,1790.1,-7.47,-3.07
48.6,1789.7,-7.36,-3.17
48.7,1789.2,-7.46,-3.11
48.8,1788.7,-7.34,-3.1
48.9,1788.2,-7.31,-3.41
49,1787.7,-7.31,-3.18
49.1,1787.2,-7.36,-3.28
49.2,1786.7,-7.43,-3.17
49.3,1786.2,-7.38,-3.2
49.4,1785.7,-7.56,-3.58
49.5,1785.2,-7.6,-3.26
49.6,1784.7,-7.6,-3.44
49.7,1784.2,-7.73,-3.77
49.8,1783.7,-7.87,-3.37
49.9,1783.2,-7.78,-3.1
50,1782.7,-7.75,-3.23
50.1,1782.2,-7.66,-3.27
50.2,1781.7,-7.67,-3.47
50.3,1781.2,-7.76,-3.5
50.4,1780.6,-7.63,-3.36
50.5,1780.1,-7.61,-3.42
50.6,1779.6,-7.3,-3.22
50.7,1779.1,-7.22,-3.15
50.8,1778.6,-7.26,-3.35
50.9,1778,-6.77,-3.04
51,1777.5,-6.75,-3.11
51.1,1777,-6.82,-3.33
51.2,1776.4,-6.72,-3.86
51.3,1775.9,-6.47,-3.5
51.4,1775.3,-6.11,-3.21
51.5,1774.8,-6.34,-3.78
51.6,1774.2,-6.39,-3.65
51.7,1773.7,-6.15,-3.29
51.8,1773.1,-5.97,-3.1
51.9,1772.6,-6.53,-3.98
52,1772,-5.87,-3.25
52.1,1771.4,-5.32,-3.01
52.2,1770.7,-5.41,-3.27
52.3,1770,-5.45,-3.64
52.4,1769.3,-5.96,-3.4
52.5,1768.6,-6.23,-3.71
52.6,1767.9,-6.48,-3.49
52.7,1767.1,-6.8,-3.85
52.8,1766.3,-7.35,-3.61
52.9,1765.5,-6.98,-3.98
53,1764.6,-7.06,-4.02
53.1,1763.7,-7.03,-3.64
53.2,1762.8,-7.32,-3.21
53.3,1761.9,-6.98,-3.62
53.4,1761,-7.62,-3.44
53.5,1760,-7.01,-3.6
53.6,1759,-7.19,-3.46
53.7,1758,-7.18,-3.67
53.8,1757,-7.17,-3.44
53.9,1756,-7.13,-3.16
54,1754.9,-7.15,-3.56
54.1,1753.9,,
54.2,1752.9,-7.63,-3.47
54.3,1751.7,-7.3,-3.34
54.4,1750.6,-7.29,-3.42
68.1,1654.6,-7.11,-3.61
68.2,1654.3,-7.62,-3.4
68.3,1653.9,-7.54,-3.76
68.4,1653.6,-7.65,-3.98
68.5,1653.3,-7.78,-3.7
68.6,1653,-7.76,-3.87
68.7,1652.8,-7.92,-3.88
68.8,1652.5,-7.7,-3.65
68.9,1652.1,-7.85,-3.79
69,1651.7,-7.68,-3.67
69.1,1651.4,-7.79,-3.98
69.2,1651.2,-7.7,-3.69
69.3,1651,-7.81,-3.75
69.4,1650.8,-7.93,-3.79
69.5,1650.6,-7.91,-3.63
69.6,1650.4,-7.99,-3.84
69.7,1650.2,-8.03,-4.17
69.8,1650,-7.8,-4.06
69.9,1649.8,,
70,1649.5,,
70.1,1649.3,-7.99,-3.81
70.2,1649.1,-7.71,-3.48
70.3,1648.9,-7.61,-3.39
70.4,1648.7,-7.77,-3.66
70.5,1648.4,-7.44,-3.57
70.6,1648.1,-7.59,-3.64
70.7,1647.9,-8.03,-4.18
70.8,1647.7,-7.71,-3.9
70.9,1647.4,-7.67,-3.75
71,1647.2,-7.25,-3.36
71.1,1646.9,-7.16,-3.27
71.2,1646.6,-7.3,-3.59
71.3,1646.3,-6.81,-3.55
71.4,1646,-6.76,-3.52
71.5,1645.8,,
71.6,1645.5,-6.37,-3.26
71.7,1645.2,-6.68,-3.38
71.8,1645,-6.94,-3.38
71.9,1644.7,-7.66,-3.58
72,1644.4,-7.34,-3.19
72.1,1644,-7.38,-3.27
72.2,1643.7,-7.44,-3.16
72.3,1643.4,-7.73,-3.46
72.4,1643.1,-8.11,-4.43
72.5,1642.6,-7.56,-3.49
72.6,1642.3,-8.11,-4.2
72.7,1641.9,-7.71,-3.74
72.8,1641.5,-7.8,-3.95
72.9,1641,-7.05,-3.22
73,1640.5,-7.26,-3.5
73.1,1640,-7.1,-3.58
73.2,1639.5,-6.84,-3.39
73.3,1639.1,-6.51,-3.25
73.4,1638.6,,
73.5,1638.1,,
73.6,1637.5,,
73.7,1636.9,-6.4,-3.03
73.8,1636.3,-6.88,-3.31
73.9,1635.7,-6.92,-3.33
74,1635,-6.95,-3.24
74.1,1634.3,-7,-3.08
74.2,1633.6,-7.16,-3.57
74.3,1632.9,-6.81,-3.3
74.4,1632.3,-6.95,-3.2
74.5,1631.5,-7.69,-3.61
74.6,1630.9,-7.52,-3.57
74.7,1630.1,-7.67,-3.52
74.8,1629.3,-7.83,-3.92
88.5,1589.6,-7.92,-3.5
88.6,1589.5,-7.87,-3.47
88.7,1589.3,-7.96,-3.6
88.8,1589.2,-8.11,-3.65
88.9,1589,-7.92,-3.48
89,1588.8,-8,-3.42
89.1,1588.6,-8.08,-3.37
89.2,1588.4,-8.16,-3.35
89.3,1588.2,-8.37,-3.48
89.4,1587.9,-8.05,-3.17
89.5,1587.7,-8.07,-3.12
89.6,1587.5,-8.17,-3.06
89.7,1587.2,-7.96,-3.16
89.8,1587,-8.15,-3.24
89.9,1586.7,-8.31,-3.35
90,1586.5,-8.14,-3.28
90.1,1586.2,-8.13,-3.23
90.2,1585.9,-8.29,-3.39
90.3,1585.7,-8.49,-3.64
90.4,1585.4,-8.16,-3.37
90.5,1585.1,-8.19,-3.45
90.6,1584.8,-8.23,-3.4
90.7,1584.4,-8.41,-3.58
90.8,1584.1,-8.34,-3.5
90.9,1583.7,-8.39,-3.65
91,1583.4,-8.17,-3.5
91.1,1583,-8.47,-3.72
91.2,1582.7,-8.09,-3.46
91.3,1582.3,-8.04,-3.45
91.4,1581.9,-7.89,-3.41
91.5,1581.5,-7.9,-3.47
91.6,1581.1,-7.76,-3.45
91.7,1580.7,-7.64,-3.37
91.8,1580.3,-7.63,-3.38
91.9,1579.7,-7.67,-3.44
92,1578.9,-7.42,-3.36
92.1,1578.3,-7.42,-3.41
92.2,1577.9,-7.41,-3.47
92.3,1577.3,-7.39,-3.42
92.4,1576.4,-7.29,-3.45
92.5,1575.6,-7.27,-3.43
92.6,1574.7,-7.25,-3.43
92.7,1573.8,-7.24,-3.32
92.8,1572.7,-7.48,-3.43
92.9,1571.3,-7.31,-3.49
93,1570.3,-7.25,-3.45
93.1,1569.1,-7.27,-3.4
93.2,1568.1,-7.39,-3.37
93.3,1566.9,-7.35,-3.29
93.4,1565.5,-7,-3.16
93.5,1563.8,-6.9,-3.16
93.6,1562.4,-6.84,-3.23
93.7,1560.8,-6.68,-3.2
93.8,1559.4,-6.68,-3.31
93.9,1557.7,-6.76,-3.27
94,1556.1,-7.1,-3.43
94.1,1554.3,-7.17,-3.4
94.2,1551.9,-7.38,-3.33
94.3,1549.8,-7.36,-3.28
94.4,1546.1,-7.21,-3.22
94.5,1543.5,-7.13,-3.27
94.6,1542.4,-7.15,-3.3
94.7,1541.3,-7.16,-3.3
94.8,1540.2,-7.4,-3.55
94.9,1539.1,-7.41,-3.43
95,1538,-7.54,-3.48
95.1,1537.1,-7.55,-3.44
95.2,1536.1,-7.55,-3.45
108.9,1477.9,-7.27,-3.94
109,1477.4,-7.09,-3.67
109.1,1477,-7.15,-3.65
109.2,1476.6,-6.97,-3.56
109.3,1476.2,-7.07,-3.59
109.4,1475.8,-7.15,-3.51
109.5,1475.4,-7.14,-3.45
109.6,1474.9,-7.29,-3.65
109.7,1474.5,-7.4,-3.69
109.8,1474,-7.31,-3.56
109.9,1473.5,-7.29,-3.55
110,1473,-6.52,-3.37
110.1,1472.6,-5.73,-3.49
110.2,1472.1,-5.7,-3.6
110.3,1471.6,-5.96,-3.52
110.4,1471.1,-6.5,-3.6
110.5,1470.6,-6.81,-3.79
110.6,1470,-6.95,-3.71
110.7,1469.4,-7.11,-3.75
110.8,1468.8,-7.45,-3.83
110.9,1468.3,-7.67,-3.98
111,1467.7,-7.68,-3.81
111.1,1467.1,-7.79,-3.93
111.2,1466.5,-7.8,-3.8
111.3,1465.9,-7.74,-3.8
111.4,1465.3,-7.79,-3.82
111.5,1464.7,-7.94,-4.01
111.6,1464.1,-7.91,-3.96
111.7,1463.6,-8.01,-4.05
111.8,1463,-7.97,-3.74
111.9,1462.4,-7.88,-4
112,1461.8,-7.88,-3.9
112.1,1461.2,-7.9,-4.43
112.2,1460.6,-7.66,-4.09
112.3,1460,-7.66,-4.1
112.4,1459.3,-7.52,-3.93
112.5,1458.7,,
112.6,1458.1,-7.73,-4
112.7,1457.5,,
112.8,1456.9,-7.6,-3.9
112.9,1456.3,-7.58,-4.02
113,1455.8,-7.61,-4.03
113.1,1455.2,-7.56,-3.95
113.2,1454.7,-7.38,-3.9
113.3,1454.1,-7.41,-3.86
113.4,1453.4,-7.41,-3.94
113.5,1452.8,-7.44,-3.94
113.6,1452.2,-7.52,-4.04
113.7,1451.4,-7.45,-3.79
113.8,1450.8,-7.38,-3.68
113.9,1450.1,-7.57,-3.93
114,1449.4,-7.56,-4.08
114.1,1448.8,-8.18,-4.41
114.2,1448.4,-7.81,-3.86
114.3,1447.7,-7.57,-3.61
114.4,1447,-7.72,-3.79
114.5,1446.2,-7.53,-3.6
114.6,1445.6,-7.69,-3.9
114.7,1445.1,-7.39,-3.59
114.8,1444.6,-7.36,-3.55
114.9,1443.9,-7.47,-3.56
115,1443.3,-7.63,-3.72
115.1,1442.7,-7.6,-3.67
115.2,1442.1,-7.45,-3.62
115.3,1441.5,-7.72,-3.84
115.4,1440.9,-7.77,-3.93
115.5,1440.3,-7.85,-3.93
115.6,1439.7,-7.65,-3.74
129.3,1367,-8.09,-3.63
129.4,1366.7,-8.05,-3.57
129.5,1366.3,-8.16,-3.57
129.6,1365.9,-8.24,-3.53
129.7,1365.6,-8.15,-3.43
129.8,1365.2,-8.39,-3.34
129.9,1364.9,-8.59,-3.4
130,1364.5,-8.83,-3.58
130.1,1364,-9.28,-3.72
130.2,1363.7,-9.26,-3.53
130.3,1363.3,-9.08,-3.52
130.4,1363,-9.07,-3.58
130.5,1362.6,-9.29,-3.87
130.6,1362.2,-9.19,-3.57
130.7,1361.8,-9.07,-3.59
130.8,1361.3,-8.86,-3.48
130.9,1360.9,-8.77,-3.52
131,1360.5,-8.84,-3.59
131.1,1360,-8.93,-3.59
131.2,1359.5,-9.23,-3.71
131.3,1358.9,-9.47,-3.81
131.4,1358.4,-9.16,-3.68
131.5,1358,-9.03,-3.63
131.6,1357.5,-9.08,-3.67
131.7,1357.1,-9.13,-3.65
131.8,1356.7,-9.1,-3.68
131.9,1356.3,-9.1,-3.62
132,1355.8,-8.9,-3.64
132.1,1355.4,-8.89,-3.59
132.2,1354.9,-8.7,-3.46
132.3,1354.5,-8.87,-3.58
132.4,1354,-8.77,-3.55
132.5,1353.6,-8.81,-3.67
132.6,1353.2,-8.65,-3.44
132.7,1352.7,-8.58,-3.47
132.8,1352.2,-8.5,-3.35
132.9,1351.7,-8.53,-3.38
133,1351.3,-8.57,-3.46
133.1,1350.9,-8.38,-3.32
133.2,1350.4,-8.54,-3.49
133.3,1350,-8.85,-3.6
133.4,1349.6,-8.75,-3.58
133.5,1349.2,-8.79,-3.79
133.6,1348.7,-8.72,-3.65
133.7,1348.3,-8.58,-3.61
133.8,1347.9,-8.63,-3.68
133.9,1347.4,-8.56,-3.65
134,1346.9,-8.57,-3.72
134.1,1346.4,-8.4,-3.84
134.2,1345.8,-8.41,-3.98
134.3,1345.3,-8.22,-3.71
134.4,1344.7,-8.29,-3.8
134.5,1344.3,-8.19,-3.73
134.6,1343.8,-8.08,-3.88
134.7,1343.3,-8.08,-3.63
134.8,1342.9,-7.95,-3.83
134.9,1342.4,-8.07,-3.75
135,1342,-7.93,-3.74
135.1,1341.5,-7.83,-3.65
135.2,1341,-7.81,-3.66
135.3,1340.5,-7.74,-3.71
135.4,1340,-7.86,-3.72
135.5,1339.4,-7.94,-3.78
135.6,1338.8,-7.75,-3.8
135.7,1338.4,-7.96,-3.75
135.8,1337.8,-7.93,-3.75
135.9,1337.3,-7.94,-3.79
136,1336.8,-7.84,-3.78
149.7,1233.8,-9.34,-4.11
149.8,1232.7,-9.46,-4.2
149.9,1231.6,-9.48,-4.31
150,1230.5,-9.31,-4.26
150.1,1229.5,-8.99,-4.05
150.2,1228.5,-8.51,-3.9
150.3,1227.4,-8.54,-3.94
150.4,1226.3,-8.41,-3.76
150.5,1225.2,-7.92,-3.58
150.6,1224.2,-8.11,-3.67
150.7,1223.1,-8.54,-3.69
150.8,1222.1,-9.02,-3.91
150.9,1221,-9.32,-4.2
151,1220,-9.47,-4.42
151.1,1219.1,-9.53,-4.56
151.2,1218.1,-9.77,-4.68
151.3,1217.2,-9.63,-4.57
151.4,1216.2,-9.46,-4.77
151.5,1215.1,-9.13,-4.63
151.6,1214.1,-9.42,-4.57
151.7,1213.1,-9.48,-4.58
151.8,1212.2,-9.43,-4.66
151.9,1211.1,-9.12,-4.79
152,1210,-8.99,-4.78
152.1,1208.9,-9.09,-4.69
152.2,1207.7,-9.32,-4.52
152.3,1206.6,-9.44,-4.35
152.4,1205.6,-9.76,-4.25
152.5,1204.8,-9.7,-4.28
152.6,1203.9,-9.52,-4.28
152.7,1203.1,-9.39,-4.41
152.8,1202.2,-9.04,-4.36
152.9,1201.2,-9.02,-4.22
153,1200.3,-9.01,-4.17
153.1,1199.3,-9.05,-4.23
153.2,1198.4,-9.18,-4.36
153.3,1197.4,-9.01,-4.12
153.4,1196.5,-8.76,-3.95
153.5,1195.6,-8.35,-3.98
153.6,1194.7,-8.08,-4.02
153.7,1193.8,-7.98,-4.09
153.8,1192.9,-8.1,-4.07
153.9,1192.1,-8.27,-3.97
154,1191.2,-8.15,-3.9
154.1,1190.4,-8.19,-3.97
154.2,1189.6,-8.01,-3.88
154.3,1188.9,-7.97,-3.8
154.4,1188,,
154.5,1187.3,-8.27,-3.77
154.6,1186.5,-8.37,-3.66
154.7,1185.8,-8.32,-3.6
154.8,1185,-8.22,-3.52
154.9,1184.3,-8.18,-3.44
155,1183.5,-8.41,-3.64
155.1,1182.8,-8.04,-3.63
155.2,1182.1,-8.3,-3.72
155.3,1181.4,-8.14,-3.62
155.4,1180.8,-7.99,-3.54
155.5,1180.1,-7.98,-3.52
155.6,1179.6,-7.86,-3.71
155.7,1179,-8.04,-3.88
155.8,1178.5,-8.39,-3.92
155.9,1178,-8.11,-3.96
156,1177.6,-8.2,-3.96
156.1,1177.2,-7.9,-3.72
156.2,1176.9,-8.15,-3.92
156.3,1176.5,-7.6,-3.75
156.4,1176.2,-7.61,-3.82
170.1,1131.6,-8.13,-4.49
170.2,1130.7,-7.9,-4.33
170.3,1130.1,-7.73,-3.9
170.4,1129.4,-7.76,-4.09
170.5,1128.6,-7.86,-4.07
170.6,1127.9,-7.79,-3.94
170.7,1127.1,-8.13,-4.36
170.8,1126.3,-7.89,-4.19
170.9,1125.4,-7.96,-4.25
171,1124.5,-8.04,-4.42
171.1,1123.5,-8.14,-4.44
171.2,1122.6,-8.26,-4.61
171.3,1121.6,-8.26,-4.61
171.4,1120.8,-7.72,-3.91
171.5,1120,-7.56,-4.01
171.6,1119.1,-7.88,-4.33
171.7,1118.2,-7.75,-4.31
171.8,1117.2,-7.68,-3.91
171.9,1116.2,-7.8,-4.14
172,1115.3,-7.94,-4.43
172.1,1114.3,-7.79,-4.23
172.2,1113.4,-7.66,-3.95
172.3,1112.5,-8.05,-4.4
172.4,1111.6,-7.73,-3.97
172.5,1110.6,-8,-3.86
172.6,1109.6,-8.11,-3.9
172.7,1108.8,-8.26,-3.82
172.8,1108.1,-8.44,-4.04
172.9,1107.2,-8.37,-3.85
173,1106.2,-8.32,-3.77
173.1,1105.1,-8.53,-3.73
173.2,1104.1,-8.29,-3.6
173.3,1103,-8.11,-3.55
173.4,1102.1,-8.13,-3.44
173.5,1101.1,-8.01,-3.6
173.6,1100.2,-7.97,-3.45
173.7,1099.4,-7.92,-3.54
173.8,1098.6,-7.88,-3.71
173.9,1097.7,-7.99,-3.55
174,1096.6,-8.14,-3.54
174.1,1095.6,-8.17,-3.55
174.2,1094.6,-7.84,-3.47
174.3,1093.5,-7.94,-3.38
174.4,1092.5,-7.94,-3.37
174.5,1091.6,-7.94,-3.43
174.6,1090.6,-6.84,-3.11
174.7,1089.6,-6.88,-3.28
174.8,1088.6,-6.69,-3.33
174.9,1087.7,-6.14,-3.21
175,1086.7,-5.25,-3.31
175.1,1085.8,-4.97,-3.07
175.2,1084.9,-5,-3.19
175.3,1083.9,-5.04,-3.03
175.4,1083,-4.64,-2.93
175.5,1082.2,-4.73,-3.04
175.6,1081.3,-4.83,-3.14
175.7,1080.4,-4.71,-3.17
175.8,1079.6,-4.87,-3.29
175.9,1078.7,-4.66,-3.14
176,1077.9,-4.56,-3.2
176.1,1077.1,-4.39,-2.99
176.2,1076.2,-4.34,-2.95
176.3,1075.4,-4.22,-3.08
176.4,1074.6,-4.28,-2.94
176.5,1073.8,-4.2,-2.89
176.6,1073,-4.25,-2.86
176.7,1072.2,-4.51,-2.96
176.8,1071.4,-4.75,-3.07
190.5,981.5,-8.17,-3.97
190.6,981,-8.38,-4.15
190.7,980.5,-8.33,-3.8
190.8,980,-8.29,-3.84
190.9,979.5,-8.35,-4.01
191,979,-8.21,-3.91
191.1,978.5,-8.07,-3.86
191.2,978,-8.16,-4.12
191.3,977.5,-8.06,-4.05
191.4,977.1,-8.14,-4.35
191.5,976.6,-8.15,-4.09
191.6,976.2,-8.21,-4
191.7,975.9,-8.32,-4.08
191.8,975.7,-8.29,-3.87
191.9,975.4,-8.19,-3.78
192,974.9,-8.22,-3.88
192.1,974.6,-8.29,-3.73
192.2,974.3,-8.35,-3.71
192.3,973.9,-8.37,-3.74
192.4,973.4,-8.34,-3.51
192.5,973,-8.33,-3.71
192.6,972.6,-8.43,-3.62
192.7,972.1,-8.42,-3.67
192.8,971.7,-8.47,-3.76
192.9,971.1,-8.55,-3.76
193,970.6,-8.49,-3.79
193.1,970.1,-8.55,-3.8
193.2,969.6,-8.5,-3.78
193.3,969,-8.5,-3.9
193.4,968.5,-8.58,-3.89
193.5,968,-8.59,-3.97
193.6,967.4,-8.59,-4
193.7,966.9,-8.6,-3.93
193.8,966.6,-8.54,-4.01
193.9,966.2,-8.56,-3.88
194,965.8,-8.68,-3.71
194.1,965.3,-8.51,-3.6
194.2,964.8,-8.59,-3.91
194.3,964.3,-8.72,-3.82
194.4,963.8,-8.51,-3.52
194.5,963.3,-8.56,-3.9
194.6,962.8,-8.59,-3.98
194.7,962.3,-8.46,-3.91
194.8,961.9,-8.58,-3.95
194.9,961.4,-8.59,-4.01
195,960.9,-8.68,-4.08
195.1,960.4,-8.66,-3.89
195.2,959.9,-8.51,-3.82
195.3,959.4,-8.73,-3.93
195.4,958.9,-8.65,-3.79
195.5,958.5,-8.49,-3.8
195.6,958,-8.66,-3.65
195.7,957.6,-8.62,-3.43
195.8,957.1,-8.46,-3.57
195.9,956.7,-8.61,-3.57
196,956.2,-8.62,-3.97
196.1,955.8,-8.46,-3.3
196.2,955.4,-8.25,-3.24
196.3,955,-8.22,-3.4
196.4,954.5,-8.31,-3.34
196.5,954.1,-8.19,-3.43
196.6,953.6,-8.26,-3.5
196.7,953.2,-8.14,-3.43
196.8,952.8,-8.28,-3.7
196.9,952.4,-8.23,-3.91
197,952.1,-8.33,-3.97
197.1,951.7,-8.3,-3.85
197.2,951.3,-8.44,-4.05
210.9,833,-7.17,-3.4
211,832.5,-6.92,-3.42
211.1,831.9,-7.02,-3.55
211.2,831.3,-7.04,-3.51
211.3,830.9,-7.08,-3.62
211.4,830.5,-7.46,-3.65
211.5,829.7,-7.46,-3.7
211.6,829,-7.57,-3.92
211.7,828.3,-7.74,-3.97
211.8,827.8,-8.03,-4.06
211.9,827.4,-8.24,-4.09
212,827.1,-8.37,-4.17
212.1,826.8,-8.52,-4.08
212.2,826,-8.61,-4.08
212.3,825.4,-8.76,-4.09
212.4,824.9,-8.79,-4.08
212.5,824.4,-8.95,-4.11
212.6,823.9,-9.01,-4.3
212.7,823.8,-9.05,-4.15
212.8,823.3,-9.09,-4.22
212.9,822.8,-9.22,-4.43
213,822.5,-9.13,-4.5
213.1,821.9,-9.12,-4.34
213.2,821.4,-9.26,-4.43
213.3,820.9,-9.13,-4.43
213.4,820.3,-9.35,-4.49
213.5,819.7,-9.55,-4.67
213.6,819.3,-9.48,-4.74
213.7,818.9,-9.05,-4.43
213.8,818.4,-9.32,-4.69
213.9,818.2,-9.19,-4.49
214,817.8,-9.43,-4.46
214.1,817.3,-9.5,-4.55
214.2,817,-9.26,-4.28
214.3,816.5,-9.25,-4.3
214.4,816.2,-9.26,-4.37
214.5,815.8,-9.37,-4.23
214.6,815.5,-9.03,-3.87
214.7,815.1,-9.18,-4.06
214.8,814.9,-9,-3.94
214.9,814.8,-9.13,-4.01
215,814.6,-9,-4.1
215.1,814.3,-9.11,-3.99
215.2,813.9,-9.03,-3.91
215.3,813.6,-9.3,-3.8
215.4,813.3,-9.11,-3.57
215.5,812.9,-9.54,-3.78
215.6,812.6,-9.22,-3.75
215.7,812.3,-9.21,-3.63
215.8,812,-9.24,-3.74
215.9,811.8,-8.99,-3.47
216,811.7,-9.17,-3.81
216.1,811.4,-8.6,-3.46
216.2,811.3,-8.61,-3.48
216.3,811,-8.73,-3.74
216.4,810.5,-8.78,-3.97
216.5,810.4,-8.74,-3.87
216.6,810,-8.65,-3.83
216.7,809.7,-8.53,-4.06
216.8,809.4,-8.42,-3.98
216.9,809.2,-8.34,-4.17
217,809.1,-8.34,-4.15
217.1,808.9,-8.4,-4.22
217.2,808.8,-8.1,-3.7
217.3,808.6,-8.27,-3.76
217.4,808.1,-8.32,-3.87
217.5,807.8,-8.33,-3.81
217.6,807.7,-8.48,-3.81
231.3,769.8,-8.36,-3.53
231.4,769.2,-8.3,-3.7
231.5,768.7,-8.42,-3.92
231.6,768.2,-8.31,-3.87
231.7,767.6,-8.22,-3.98
231.8,767.1,-8.28,-4
231.9,766.6,-8.23,-4.05
232,766.1,-8.22,-4.18
232.1,765.6,-8.11,-4.19
232.2,765,-8.15,-4.07
232.3,764.3,-8.23,-4.01
232.4,763.7,-8.28,-3.98
232.5,763,-8.34,-3.99
232.6,762.5,-8.31,-3.86
232.7,762,-8.37,-3.95
232.8,761.5,-8.24,-3.91
232.9,760.7,-8.38,-3.96
233,760.1,-8.34,-3.86
233.1,759.5,-8.41,-3.95
233.2,759,-8.23,-3.76
233.3,758.4,-8.33,-3.86
233.4,757.7,-8.23,-3.82
233.5,757.2,-8.38,-3.95
233.6,756.7,-8.49,-3.95
233.7,756.2,-8.73,-4.04
233.8,755.8,-8.86,-3.9
233.9,755.2,-8.53,-3.79
234,754.7,-8.56,-3.77
234.1,753.9,-8.4,-3.71
234.2,753.3,-8.6,-3.74
234.3,752.6,-8.66,-3.87
234.4,751.8,-9,-3.94
234.5,751.3,-8.92,-4.05
234.6,750.7,-8.84,-3.94
234.7,750.1,-8.76,-3.98
234.8,749.5,-8.59,-3.91
234.9,748.9,-8.42,-3.86
235,748.3,-8.51,-3.82
235.1,747.6,-8.62,-3.81
235.2,746.9,-8.85,-3.94
235.3,746.2,-8.92,-3.98
235.4,745.6,-8.97,-3.99
235.5,745.1,-8.9,-4.02
235.6,744.5,-8.67,-3.9
235.7,744,-8.49,-4.03
235.8,743.4,-8.38,-3.99
235.9,742.8,-8.44,-3.79
236,742.2,-8.51,-3.95
236.1,741.6,-8.55,-3.85
236.2,741.1,-8.53,-3.83
236.3,740.6,-8.64,-3.8
236.4,740.2,-8.6,-3.82
236.5,739.8,-8.74,-3.9
236.6,739.1,-8.4,-3.75
236.7,738.4,-8.26,-3.8
236.8,737.7,-8.21,-3.77
236.9,737.1,-8.24,-3.83
237,736.6,-8.55,-3.76
237.1,736,-8.72,-3.77
237.2,735.4,-8.96,-3.82
237.3,734.8,-8.85,-3.73
237.4,734.2,-8.77,-3.65
237.5,733.6,-8.8,-3.72
237.6,733.1,-8.87,-3.8
237.7,732.5,-8.64,-3.66
237.8,732,-8.53,-3.66
237.9,731.5,-8.59,-3.57
238,731,-8.63,-3.59
251.7,672.3,-8.92,-4.06
251.8,671.9,-8.74,-3.83
251.9,671.5,-8.74,-3.72
252,671.1,-8.87,-3.78
252.1,670.7,-8.93,-3.78
252.2,670.3,-8.8,-3.64
252.3,669.9,-8.85,-3.81
252.4,669.5,-8.68,-3.66
252.5,669.1,-8.58,-3.71
252.6,668.7,-8.75,-3.68
252.7,668.3,-8.55,-3.75
252.8,667.9,-8.68,-3.91
252.9,667.5,-8.64,-3.78
253,667.1,-8.56,-3.71
253.1,666.6,-8.71,-3.96
253.2,666.1,-8.78,-3.83
253.3,665.6,-8.75,-3.91
253.4,665.1,-8.84,-3.96
253.5,664.7,-8.65,-3.73
253.6,664.3,-8.85,-4.12
253.7,663.9,-8.76,-4.04
253.8,663.5,-8.7,-3.99
253.9,663.1,-8.89,-4.09
254,662.8,-8.82,-4.07
254.1,662.4,-8.9,-3.95
254.2,662.1,-8.92,-3.9
254.3,661.7,-8.91,-3.93
254.4,661.3,-9.02,-3.95
254.5,660.9,-8.95,-4
254.6,660.4,-9.14,-4.03
254.7,660,-9.07,-3.9
254.8,659.6,-9.01,-3.99
254.9,659.1,-9.2,-4.12
255,658.7,-9.19,-4.07
255.1,658.2,-9.23,-4.26
255.2,657.8,-9.11,-4.26
255.3,657.4,-9.06,-4.23
255.4,656.9,-9.38,-4.39
255.5,656.5,-9.43,-4.34
255.6,656.1,-9.53,-4.48
255.7,655.7,-9.65,-4.55
255.8,655.3,-9.78,-4.74
255.9,654.9,-9.66,-4.72
256,654.5,-9.71,-4.79
256.1,654.1,-9.71,-4.78
256.2,653.7,-9.59,-4.73
256.3,653.3,-9.45,-4.74
256.4,652.9,-9.35,-4.76
256.5,652.5,-9.56,-4.72
256.6,652.1,-9.4,-4.74
256.7,651.7,-9.35,-4.54
256.8,651.3,-9.34,-4.74
256.9,650.9,-9.24,-4.86
257,650.5,-9.07,-5.04
257.1,650.1,-8.97,-4.77
257.2,649.7,-9.03,-4.81
257.3,649.3,-8.71,-4.79
257.4,648.9,-8.82,-4.81
257.5,648.5,-8.68,-4.47
257.6,648.1,-8.8,-4.63
257.7,647.7,-8.71,-4.65
257.8,647.4,-8.61,-4.6
257.9,647.1,-8.63,-4.73
258,646.7,-8.78,-4.7
258.1,646.3,-8.74,-4.3
258.2,645.9,-8.44,-4.09
258.3,645.6,-8.46,-4.47
258.4,645.2,-8.54,-4.47
272.1,589.8,-9.17,-4.16
272.2,589.3,-9.28,-4.37
272.3,588.8,-9.26,-4.26
272.4,588.3,-9.33,-4.38
272.5,587.8,-9.46,-4.61
272.6,587.2,-9.44,-4.59
272.7,586.7,-9.4,-4.49
272.8,586.2,-9.42,-4.5
272.9,585.6,-9.41,-4.5
273,585.1,-9.36,-4.35
273.1,584.5,-9.42,-4.52
273.2,584,-9.44,-4.41
273.3,583.4,-9.37,-4.57
273.4,582.9,-9.2,-4.45
273.5,582.3,-8.96,-4.37
273.6,581.8,-8.94,-4.33
273.7,581.3,-8.93,-4.5
273.8,580.7,-8.8,-4.31
273.9,580.2,-8.81,-4.2
274,579.7,-8.73,-4.22
274.1,579.1,-8.73,-4.17
274.2,578.6,-8.74,-4.13
274.3,578,-8.74,-4.16
274.4,577.5,-8.77,-4.2
274.5,576.9,-8.66,-4.08
274.6,576.4,-8.67,-4.19
274.7,575.8,-8.69,-4.25
274.8,575.3,-8.69,-3.97
274.9,574.7,-8.9,-4.03
275,574.1,-8.88,-3.97
275.1,573.5,-8.83,-3.98
275.2,572.9,-8.71,-3.87
275.3,572.3,-8.53,-3.83
275.4,571.7,-8.66,-4.02
275.5,571.1,-8.51,-3.83
275.6,570.5,-8.07,-4.14
275.7,569.8,-7.96,-3.73
275.8,569.2,-7.9,-3.8
275.9,568.5,-7.95,-3.73
276,567.9,-7.81,-3.5
276.1,567.2,-8.14,-3.61
276.2,566.5,-8.37,-3.68
276.3,565.7,-8.64,-3.69
276.4,565,-8.6,-3.54
276.5,564.3,-8.92,-3.72
276.6,563.5,-9.16,-3.72
276.7,562.8,-9.06,-3.76
276.8,562,-8.52,-3.38
276.9,561.2,-8.45,-3.63
277,560.5,-8.54,-3.62
277.1,559.8,-8.24,-3.58
277.2,559.1,-8.4,-3.74
277.3,558.4,-8.52,-3.72
277.4,557.6,-8.57,-3.83
277.5,556.9,-8.78,-3.88
277.6,556.2,-8.89,-3.98
277.7,555.6,-9.27,-4.07
277.8,554.8,-9.34,-4.06
277.9,554.1,-9.71,-4.14
278,553.3,-10.04,-4.29
278.1,552.5,-10.02,-4.2
278.2,551.6,-10.21,-4.38
278.3,550.8,-10.25,-4.41
278.4,550.2,-10.06,-4.32
278.5,549.4,-10.32,-4.44
278.6,548.7,-9.99,-4.18
278.7,547.9,-10.24,-3.94
278.8,547.1,-9.97,-3.99
292.5,453.4,-8.71,-3.8
292.6,453.1,-8.7,-3.76
292.7,452.9,-8.61,-3.75
292.8,452.6,-8.65,-3.66
292.9,452.1,-8.5,-3.58
293,451.7,-8.37,-3.63
293.1,451.3,-8.27,-3.6
293.2,450.9,-8.14,-3.5
293.3,450.5,-7.95,-3.44
293.4,450.1,-7.7,-3.54
293.5,449.8,-7.45,-3.52
293.6,449.3,-7.16,-3.55
293.7,449,-7.01,-3.56
293.8,448.7,-7.57,-3.78
293.9,448.5,-7.97,-3.73
294,448.1,-8.13,-3.78
294.1,447.8,-8.39,-3.76
294.2,447.6,-8.28,-3.85
294.3,447.2,-8.32,-3.72
294.4,446.9,-8.1,-3.71
294.5,446.5,-8.32,-3.76
294.6,446.3,-8.41,-3.77
294.7,446,-8.7,-3.83
294.8,445.9,-8.91,-3.75
294.9,445.8,-8.93,-3.82
295,445.7,-8.99,-3.8
295.1,445.7,-8.88,-3.88
295.2,445.6,-8.92,-4.1
295.3,445.4,-8.66,-3.94
295.4,445.3,-8.32,-3.93
295.5,445.1,-8.1,-3.93
295.6,444.8,-7.91,-3.83
295.7,444.5,-7.63,-3.77
295.8,444.3,-7.39,-3.69
295.9,444.1,-7.19,-3.55
296,443.9,-7.63,-3.87
296.1,443.7,-7.05,-3.53
296.2,443.5,-6.84,-3.46
296.3,443.4,-6.84,-3.4
296.4,443.4,-7.1,-3.4
296.5,443.3,-7.47,-3.51
296.6,443.3,-7.91,-3.64
296.7,443.1,-8.21,-3.57
296.8,443,-8.31,-3.55
296.9,442.9,-8.29,-3.52
297,442.8,-8.55,-3.68
297.1,442.7,-8.32,-3.49
297.2,442.7,-8.73,-3.96
297.3,442.5,-7.96,-3.5
297.4,442.4,-7.97,-3.47
297.5,442.2,-7.82,-3.49
297.6,441.9,-7.87,-3.58
297.7,441.8,-8.13,-3.66
297.8,441.6,-8.32,-3.73
297.9,441.5,-8.46,-3.77
298,441.3,-8.71,-3.94
298.1,441.2,-8.59,-3.78
298.2,441,-8.57,-3.74
298.3,440.9,-8.55,-3.85
298.4,440.7,-8.47,-3.79
298.5,440.6,-8.45,-3.96
298.6,440.4,-8.01,-3.82
298.7,440.3,-8.1,-3.89
298.8,440.2,-8.46,-4.07
298.9,440.1,-8.39,-4.03
299,439.9,-8.62,-4.02
299.1,439.8,-8.6,-4.02
299.2,439.6,-8.56,-3.97
312.9,422.2,-8.72,-3.34
313,421.9,-8.72,-3.3
313.1,421.5,-8.77,-3.34
313.2,421.1,-8.75,-3.43
313.3,420.8,-8.66,-3.37
313.4,420.4,-8.62,-3.35
313.5,420,-8.63,-3.34
313.6,419.5,-8.76,-3.49
313.7,418.9,-8.66,-3.45
313.8,418.5,-8.51,-3.3
313.9,418.1,-8.55,-3.29
314,417.7,-8.75,-3.22
314.1,417.1,-8.67,-3.06
314.2,416.6,-8.65,-3.07
314.3,416.2,-8.64,-3.07
314.4,415.6,-8.74,-3.19
314.5,415.1,-8.65,-2.99
314.6,414.6,-8.61,-3.05
314.7,414,-8.63,-3.47
314.8,413.4,-8.55,-3.05
314.9,412.8,-8.6,-3.13
315,412.2,-8.63,-3.11
315.1,411.6,-8.65,-3.08
315.2,411.1,-8.66,-3.32
315.3,410.5,-8.64,-3.25
315.4,410,-8.63,-3.08
315.5,409.5,-8.62,-3.81
315.6,408.8,-8.76,-3.4
315.7,408.1,-8.7,-3.91
315.8,407.4,-8.8,-3.33
315.9,406.9,-8.69,-3.56
316,406.2,-8.67,-3.34
316.1,405.5,-8.62,-3.57
316.2,404.8,-8.59,-3.87
316.3,404.1,-8.57,-3.61
316.4,403.5,-8.39,-4.1
316.5,402.8,-8.3,-3.79
316.6,402,-8.28,-3.97
316.7,401.2,-8.4,-4.19
316.8,400.5,-8.26,-3.93
316.9,399.7,-8.44,-4
317,398.9,-8.41,-3.65
317.1,398.3,-8.54,-3.93
317.2,397.7,-8.65,-3.65
317.3,396.9,-8.53,-3.89
317.4,396.1,-8.53,-3.66
317.5,395.2,-8.53,-3.83
317.6,394.4,-8.59,-4.32
317.7,393.5,-8.84,-3.93
317.8,392.6,-8.5,-3.72
317.9,392,-8.71,-3.55
318,391.3,-8.76,-3.62
318.1,390.5,-8.68,-3.63
318.2,389.7,-8.72,-3.55
318.3,389.2,-8.73,-3.51
318.4,388.6,-8.67,-3.9
318.5,387.7,-8.74,-3.8
318.6,387.1,-8.89,-3.69
318.7,386.4,-8.77,-3.44
318.8,385.7,-8.76,-4.08
318.9,385,-8.8,-3.49
319,384.5,-8.77,-3.63
319.1,384,-8.8,-3.47
319.2,383.5,-8.66,-3.45
319.3,383,-8.64,-3.37
319.4,382.4,-8.63,-3.52
319.5,381.9,-8.54,-3.36
319.6,381.2,-8.51,-3.56
333.3,317.7,-8.49,-3.57
333.4,316.8,-8.49,-3.49
333.5,315.9,-8.43,-3.59
333.6,315.4,-8.29,-3.55
333.7,314.4,-8.2,-3.42
333.8,313.4,-8.23,-3.62
333.9,312.6,-8.4,-3.53
334,311.7,-8.31,-3.46
334.1,311.1,-8.28,-3.53
334.2,310.2,-8.27,-3.51
334.3,309.2,-8.42,-3.62
334.4,308.1,-8.48,-3.68
334.5,306.8,-8.43,-3.48
334.6,305.7,-8.4,-3.67
334.7,304.7,-8.14,-3.91
334.8,303.8,-8.15,-3.82
334.9,303.1,-8.33,-3.84
335,302.6,-8.04,-3.66
335.1,302.1,-7.9,-3.56
335.2,301.3,-7.86,-4.11
335.3,300.4,-7.98,-3.6
335.4,299.8,-7.93,-3.67
335.5,299.3,-7.98,-3.67
335.6,298.7,-7.91,-3.69
335.7,297.7,-8.02,-3.63
335.8,297,-7.93,-3.68
335.9,296.1,-7.88,-3.64
336,294.9,-8.06,-3.8
336.1,293.7,-8.05,-3.65
336.2,292.9,-8.09,-3.43
336.3,291.9,-7.9,-3.48
336.4,290.9,-8.11,-3.95
336.5,290.1,-8.01,-3.5
336.6,289.3,-8.18,-3.46
336.7,288.5,-8.11,-3.74
336.8,287.7,-7.98,-3.58
336.9,287,-8.02,-3.73
337,286.2,-7.93,-3.55
337.1,285.4,-7.79,-3.59
337.2,284.6,-7.53,-3.52
337.3,283.9,-7.22,-3.51
337.4,283.4,-7.04,-3.67
337.5,282.7,-6.87,-3.58
337.6,281.9,-6.08,-3.4
337.7,281.2,-5.58,-3.43
337.8,280.5,-5.36,-3.35
337.9,280,-5.07,-3.36
338,279.4,-5.06,-3.8
338.1,278.8,-5.31,-3.39
338.2,278.1,-4.97,-3.48
338.3,277.5,-4.93,-3.61
338.4,276.8,-5.45,-3.19
338.5,276.3,-6.13,-3.18
338.6,275.7,-6.84,-3.19
338.7,275.1,-7.14,-3.23
338.8,274.5,-7.4,-3.4
338.9,273.9,-7.57,-3.37
339,273.3,-8.02,-3.64
339.1,272.7,-7.89,-3.59
339.2,272.2,-7.74,-3.29
339.3,271.6,-7.59,-3.29
339.4,271,-7.84,-3.51
339.5,270.4,-7.68,-3.37
339.6,269.8,-7.69,-3.61
339.7,269.3,-7.69,-3.32
339.8,268.7,-7.5,-3.33
339.9,268.1,,
340,267.5,-7.82,-3.4
353.7,189.8,-7.61,-3.32
353.8,189.4,-7.66,-3.25
353.9,189.1,-7.5,-3.32
354,188.8,-7.46,-3.4
354.1,188.5,-7.2,-3.38
354.2,188.2,-7.18,-3.25
354.3,187.8,-7.31,-3.58
354.4,187.5,-7.06,-3.33
354.5,187.2,-7.09,-3.59
354.6,186.8,-6.89,-3.21
354.7,186.3,-6.8,-3.33
354.8,185.8,-6.76,-3.22
354.9,185.4,-6.6,-3.12
355,185,-6.48,-3.46
355.1,184.6,-6.11,-3.02
355.2,184.3,-6.18,-3.07
355.3,183.8,-5.88,-3.04
355.4,183.4,-5.84,-2.98
355.5,183,-5.9,-3.04
355.6,182.7,-5.92,-2.96
355.7,182.5,-6.11,-3.15
355.8,182.2,-6.88,-3.83
355.9,181.9,-6.44,-3.52
356,181.6,-6.96,-3.42
356.1,181.3,-7.2,-3.49
356.2,181,-6.95,-3.49
356.3,180.6,-7.13,-3.67
356.4,180.3,-7.69,-3.59
356.5,179.8,-7.66,-3.54
356.6,179.4,-7.92,-3.61
356.7,179,-7.98,-3.55
356.8,178.5,-7.95,-3.51
356.9,178.1,-8.06,-3.76
357,177.7,-8.01,-3.63
357.1,177.4,-8.17,-3.78
357.2,177.1,-8.03,-3.7
357.3,176.8,-8.07,-3.65
357.4,176.6,-7.97,-3.68
357.5,176.3,-8,-3.59
357.6,176.1,-8.03,-3.64
357.7,175.8,-8,-3.62
357.8,175.7,-8.02,-3.6
357.9,175.6,-7.91,-3.52
358,175.5,-8.02,-3.64
358.1,175.4,-7.85,-3.53
358.2,175.2,-7.89,-3.57
358.3,174.8,-7.93,-3.78
358.4,174.4,-8.01,-3.69
358.5,174.1,-7.86,-3.79
358.6,173.7,-7.59,-3.7
358.7,173.3,-7.61,-3.51
358.8,172.9,-7.66,-3.62
358.9,172.5,-7.51,-3.5
359,172.1,-7.57,-3.59
359.1,171.7,-7.46,-3.59
359.2,171.3,-7.34,-3.66
359.3,171,-7.35,-3.59
359.4,170.8,-7.41,-3.72
359.5,170.6,-7.49,-3.9
359.6,170.4,-7.32,-3.82
359.7,170.2,-7.3,-3.8
359.8,169.9,-7.27,-3.74
359.9,169.5,-7.37,-3.68
360,169.4,-7.35,-3.62
360.1,169.4,-7.38,-3.62
360.2,169.2,-7.38,-3.61
360.3,168.9,-7.51,-3.64
360.4,168.5,-7.62,-3.7
374.1,103.7,-8.02,-4.03
374.2,103.3,-7.88,-3.93
374.3,102.7,-7.81,-3.97
374.4,102.2,-8,-4.25
374.5,101.6,-7.85,-3.79
374.6,101,,
374.7,100.3,-8.11,-3.77
374.8,99.5,-7.8,-3.64
374.9,98.8,-8.05,-3.68
375,98.1,-8.62,-3.68
375.1,97.6,-8.43,-3.59
375.2,97,-8.37,-3.7
375.3,96.5,-8.7,-3.67
375.4,96.1,,
375.5,95.7,-8.42,-3.78
375.6,95.3,-8.06,-3.76
375.7,94.9,-8.35,-3.73
375.8,94.5,-8.38,-3.69
375.9,94.1,-8.45,-3.72
376,93.7,-8.77,-3.73
376.1,93.2,-8.81,-3.74
376.2,92.8,-8.33,-3.57
376.3,92.3,-8.68,-3.67
376.4,92,-8.44,-3.66
376.5,91.7,-8.77,-3.62
376.6,91.4,-8.7,-3.66
376.7,90.9,-8.75,-3.63
376.8,90.5,-8.58,-3.59
376.9,90.1,-8.65,-3.49
377,89.7,,
377.1,89.5,,
377.2,89.4,-8.17,-3.7
377.3,89.1,-8.34,-3.5
377.4,88.8,-8.2,-3.48
377.5,88.6,-8.43,-4.1
377.6,88.5,-8.04,-3.74
377.7,88.4,-8.03,-3.68
377.8,88.3,-8.1,-3.91
377.9,88.3,-8.03,-3.83
378,88.1,-8.01,-3.73
378.1,87.4,-8.03,-4.14
378.2,86.7,-7.85,-3.6
378.3,86.3,-8.17,-4.1
378.4,86.1,-8.22,-3.94
378.5,85.9,-8.07,-3.82
378.6,85.6,-8.18,-3.85
378.7,85.5,-8.15,-3.84
378.8,85.4,-8.16,-3.96
378.9,85.3,-8.31,-3.94
379,84.9,-8.19,-3.71
379.1,84.7,-8.1,-3.62
379.2,84.2,-8.2,-3.53
379.3,83.9,-8.21,-3.64
379.4,83.7,-8.27,-3.85
379.5,83.5,-8.29,-3.78
379.6,83.3,-8.07,-3.52
379.7,83.1,-8.09,-3.52
379.8,82.9,-8.03,-3.5
379.9,82.6,-8.13,-3.52
380,82.4,-8.05,-3.45
380.1,82.1,-8.18,-3.43
380.2,81.7,-8.17,-3.58
380.3,81.3,-8.18,-3.62
380.4,81.1,-8.26,-3.64
380.5,80.9,-8.25,-3.8
380.6,80.6,-8.09,-3.88
380.7,80.2,-8.39,-4
380.8,79.9,-8.29,-3.77
394.5,25.2,-9.03,-3.44
394.6,24.9,-8.62,-3.76
394.7,24.7,-8.45,-3.63
394.8,24.4,-8.55,-3.71
394.9,24.2,-8.58,-3.69
395,23.9,-8.43,-3.58
395.1,23.5,-8.49,-3.65
395.2,23.1,-8.5,-3.7
395.3,22.7,-8.55,-3.8
395.4,22.4,-8.46,-3.66
395.5,22,-8.38,-3.68
395.6,21.6,-8.45,-3.72
395.7,21.3,-8.44,-3.64
395.8,20.9,-8.3,-3.65
395.9,20.4,-8.29,-3.74
396,19.9,-8.25,-3.73
396.1,19.5,-8.24,-3.8
396.2,19,-8.78,-3.7
396.3,18.6,-9.59,-3.92
396.4,18.1,-8.28,-3.85
396.5,17.8,-8.17,-3.9
396.6,17.4,-8.33,-3.7
396.7,16.9,-8.49,-3.83
396.8,16.5,-8.37,-3.97
396.9,16.1,-8.72,-3.78
397,15.7,-8.63,-3.83
397.1,15.3,-9.31,-3.78
397.2,14.9,-9.35,-3.87
397.3,14.6,-9.68,-3.98
397.4,14.3,,
397.5,14,-9.61,-3.94
397.6,13.7,-9.42,-3.86
397.7,13.4,-9.25,-3.91
397.8,13.1,-9.47,-3.95
397.9,12.8,-9.44,-3.92
398,12.5,-9.56,-3.97
398.1,12.1,-9.09,-3.96
398.2,11.8,-8.93,-4.12
398.3,11.5,-8.85,-4.18
398.4,11.2,-9.58,-4.05
398.5,10.9,-8.93,-4.07
398.6,10.6,-8.99,-4.13
398.7,10.3,-9.45,-4.66
398.8,9.9,-9.13,-4.13
398.9,9.6,-9.08,-4.06
399,9.3,-9.09,-4.06
399.1,9,-9.16,-4.14
399.2,8.7,-9.32,-4.18
399.3,8.3,-9.37,-4.32
399.4,8,-9.1,-3.95
399.5,7.7,-9.1,-3.98
399.6,7.4,-9.62,-4.05
399.7,7.1,-9.35,-3.92
399.8,6.7,-9.93,-4.07
399.9,6.4,-9.77,-4.11
400,6,-9.2,-3.87
400.1,5.7,-9.09,-3.78
400.2,5.5,-9.03,-3.86
400.3,5.2,-9.09,-3.85
400.4,4.9,-9.07,-3.92
400.5,4.5,-9.31,-3.92
400.6,4.3,-9.25,-4.38
400.7,4,-9.47,-3.99
400.8,3.8,-9.45,-3.85
400.9,3.5,-9.83,-4.13
401,3.2,-9.59,-3.95
401.1,2.8,-9.73,-4.06
401.2,2.5,-9.93,-4.09
410.3,-21.4,-8.55,-3.66
410.4,-21.7,-8.66,-3.8
410.5,-22.1,-8.7,-3.8
410.6,-22.5,-8.55,-3.84
410.7,-22.8,-8.63,-4.17
410.8,-23.2,-8.48,-4.11
410.9,-23.7,-8.66,-4.44
411,-24,-8.54,-4.2
411.1,-24.4,-8.48,-4.21
411.2,-24.7,-8.64,-4.15
411.3,-25.1,-8.71,-3.88
411.4,-25.4,-8.83,-3.89
411.5,-25.8,-8.95,-3.85
411.6,-26.2,-9.12,-3.73
411.7,-26.5,-9.26,-3.77
411.8,-26.7,-9.24,-3.61
411.9,-27.1,-9.35,-3.77
412,-27.4,-9.2,-3.52
412.1,-27.7,-9.25,-3.6
412.2,-28.1,-9.25,-3.82
412.3,-28.5,-9.13,-3.73
412.4,-29,-9.18,-3.68
13.7,1931.1,-8.26,-3.54
13.8,1930.5,-8.28,-3.3
13.9,1929.9,-8.4,-3.31
14,1929.3,-8.42,-3.18
14.1,1928.7,-8.46,-3.25
14.2,1928.1,-8.52,-3.14
14.3,1927.5,-8.45,-3.2
14.4,1926.9,-8.49,-3.37
14.5,1926.3,-8.95,-4.03
14.6,1925.6,-7.72,-3.04
14.7,1925,-7.76,-3.12
14.8,1924.3,-7.85,-3.17
14.9,1923.7,-7.71,-3.32
15,1923,-7.33,-3.15
15.1,1922.4,-7.15,-3.17
15.2,1921.7,-7.36,-3.36
15.3,1921,-7.54,-3.31
15.4,1920.4,-7.74,-3.39
15.5,1919.7,-7.73,-3.39
15.6,1919.1,-7.8,-3.39
15.7,1918.4,-8.32,-3.37
15.8,1917.8,-8.11,-3.17
15.9,1917.1,-8.25,-3.3
16,1916.4,-8.17,-3.16
16.1,1915.7,-8.22,-3.19
16.2,1915,-8.32,-3.23
16.3,1914.2,-8.42,-3.39
16.4,1913.5,-8.34,-3.31
16.5,1912.8,-8.31,-3.42
16.6,1912.1,-8.27,-3.37
16.7,1911.4,-8.05,-3.1
16.8,1910.8,-8.03,-3.14
16.9,1910.1,-8.09,-3.1
17,1909.4,-8,-3.23
17.1,1908.7,-7.94,-3.31
17.2,1908,-8.05,-3.68
17.3,1907.2,-7.97,-3.61
17.4,1906.5,-7.96,-3.39
17.5,1905.8,-8.09,-3.34
17.6,1905.1,-8.01,-3.34
17.7,1904.4,-8.09,-3.22
17.8,1903.7,-7.95,-3.35
17.9,1903,-7.99,-3.66
18,1902.3,-8,-3.54
18.1,1901.7,-7.73,-3.4
18.2,1901,-7.7,-3.41
18.3,1900.3,-7.91,-3.66
18.4,1899.6,-7.81,-3.36
18.5,1898.9,-7.84,-3.61
18.6,1898.2,-7.45,-3.28
18.7,1897.5,-7.59,-3.55
18.8,1896.9,-7.4,-3.62
18.9,1896.2,-7.53,-3.43
19,1895.5,-7.72,-3.44
19.1,1894.9,-7.38,-3.27
19.2,1894.2,-7.78,-3.41
19.3,1893.5,-7.82,-3.32
19.4,1892.9,-8.12,-3.45
19.5,1892.2,-8.08,-3.31
19.6,1891.6,-8.12,-3.43
19.7,1891,-8.07,-3.47
19.8,1890.3,-8.1,-3.58
19.9,1889.6,-7.94,-3.39
20,1889,-8.22,-3.67
20.1,1888.3,-8.02,-3.41
20.2,1887.7,-8.22,-3.46
20.3,1887,-8.14,-3.44
20.4,1886.4,-8.19,-3.48
34.1,1836.4,-7.96,-3.68
34.2,1836.1,-7.68,-3.53
34.3,1835.8,-7.88,-3.75
34.4,1835.6,-7.6,-3.63
34.5,1835.3,-7.76,-3.66
34.6,1835,-7.96,-4.26
34.7,1834.8,-8.17,-4.09
34.8,1834.5,-8.28,-4.11
34.9,1834.2,-8.29,-4.04
35,1834,-8.46,-4.12
35.1,1833.7,-8.35,-4.04
35.2,1833.4,-8.58,-4.29
35.3,1833.2,-8.68,-4.09
35.4,1832.9,-8.76,-4.1
35.5,1832.7,-8.74,-4.19
35.6,1832.4,-8.77,-3.99
35.7,1832.1,-8.79,-4.08
35.8,1831.9,-8.78,-4.08
35.9,1831.6,-8.83,-4.05
36,1831.4,-8.93,-4.12
36.1,1831.1,-8.71,-4.01
36.2,1830.8,-8.82,-4.08
36.3,1830.6,-8.82,-4.05
36.4,1830.3,-8.59,-3.95
36.5,1830.1,-8.5,-4.01
36.6,1829.8,-8.63,-4.03
36.7,1829.6,-8.62,-4.02
36.8,1829.4,-8.37,-4.01
36.9,1829.1,-8.31,-4.08
37,1828.8,-8.18,-3.96
37.1,1828.6,-8.22,-4.13
37.2,1828.3,-8.02,-3.98
37.3,1828,-8.14,-4.14
37.4,1827.7,-8.14,-3.99
37.5,1827.4,-8.3,-4.48
37.6,1827.2,,
37.7,1826.9,,
37.8,1826.6,,
37.9,1826.3,-8.46,-4.04
38,1826,-8.4,-4.06
38.1,1825.8,-8.37,-4.25
38.2,1825.5,-8.4,-4.09
38.3,1825.2,-8.43,-4.18
38.4,1824.9,-7.96,-3.79
38.5,1824.7,-8.5,-4.25
38.6,1824.4,-8.4,-4.2
38.7,1824.1,-8.29,-4.29
38.8,1823.8,-8.45,-4.42
38.9,1823.5,-8.45,-4.22
39,1823.2,-8.43,-4.22
39.1,1822.9,-8.52,-4.19
39.2,1822.7,-8.45,-4.28
39.3,1822.4,-8.33,-4.28
39.4,1822.1,-8.12,-4.23
39.5,1821.8,-8,-4.13
39.6,1821.5,-8.13,-4.48
39.7,1821.3,-8.27,-4.45
39.8,1821,-8.13,-4.33
39.9,1820.7,-8.17,-4.39
40,1820.4,-8.23,-4.15
40.1,1820.1,-7.68,-3.65
40.2,1819.9,-7.7,-3.86
40.3,1819.6,-7.32,-3.79
40.4,1819.3,-7.55,-3.69
40.5,1819,-7.54,-4.22
40.6,1818.7,-6.95,-3.33
40.7,1818.4,-7.77,-3.32
40.8,1818.1,-7.8,-3.22
54.5,1749.6,-7.41,-3.66
54.6,1748.5,-7.65,-3.59
54.7,1747.4,-7.8,-3.35
54.8,1746.2,,
54.9,1745,-7.79,-3.98
55,1743.8,-7.75,-4.3
55.1,1742.6,-7.42,-3.63
55.2,1741.4,-7.52,-3.7
55.3,1740.2,-7.37,-3.69
55.4,1738.9,-7.46,-3.7
55.5,1737.7,-7.15,-3.99
55.6,1736.4,-7.51,-3.71
55.7,1735.1,-7.46,-3.45
55.8,1733.8,-7.45,-3.51
55.9,1732.6,-7.44,-3.62
56,1731.4,,
56.1,1730.3,-7.58,-3.6
56.2,1729.1,-7.44,-3.5
56.3,1727.9,-7.38,-3.73
56.4,1726.7,-7.33,-3.76
56.5,1725.5,-7.38,-3.66
56.6,1724.3,-7.53,-3.49
56.7,1723.1,-7.53,-3.65
56.8,1721.9,-7.71,-3.54
56.9,1720.7,-7.69,-3.42
57,1719.4,-7.69,-3.49
57.1,1718.1,-7.82,-3.67
57.2,1716.8,-7.93,-3.7
57.3,1715.6,-7.99,-3.88
57.4,1714.4,-7.98,-3.68
57.5,1713.3,-7.54,-3.68
57.6,1712.1,-7.69,-3.71
57.7,1710.9,-7.75,-3.76
57.8,1709.7,-7.94,-3.52
57.9,1708.5,,
58,1707.4,-7.85,-3.24
58.1,1706.3,-7.93,-3.55
58.2,1705.1,,
58.3,1704,,
58.4,1702.9,,
58.5,1701.8,,
58.6,1700.7,,
58.7,1699.6,,
58.8,1698.6,,
58.9,1697.6,,
59,1696.5,-8.06,-4.25
59.1,1695.4,-8.16,-4.5
59.2,1694.4,-8.16,-4.71
59.3,1693.4,,
59.4,1692.4,-7.99,-4.3
59.5,1691.4,-8.02,-3.98
59.6,1690.4,-7.65,-3.75
59.7,1689.4,-7.82,-4.09
59.8,1688.5,-7.81,-4.06
59.9,1687.7,,
60,1686.8,-7.6,-4.1
60.1,1686,-7.34,-3.45
60.2,1685.2,,
60.3,1684.5,,
60.4,1683.7,,
60.5,1683,,
60.6,1682.3,-7.71,-4.5
60.7,1681.7,-7.47,-3.75
60.8,1681,-7.52,-3.5
60.9,1680.4,-7.56,-3.21
61,1679.8,-7.96,-4.22
61.1,1679.3,-7.76,-3.78
61.2,1678.7,-7.61,-3.64
74.9,1628.4,-7.42,-3.69
75,1627.5,-7.14,-3.27
75.1,1626.6,-7.33,-3.47
75.2,1625.6,-7.39,-3.57
75.3,1624.6,-7.45,-3.58
75.4,1623.5,-7.52,-3.6
75.5,1622.4,-7.56,-3.88
75.6,1621.2,-7.65,-4.08
75.7,1620.1,-6.76,-2.97
75.8,1619,-6.97,-3.62
75.9,1618,-6.83,-3.49
76,1615.5,-6.94,-3.62
76.1,1613,-8.45,-4.19
76.2,1612.4,-8,-3.42
76.3,1611.9,-8.05,-3.67
76.4,1611.3,-7.87,-3.52
76.5,1610.7,-7.97,-3.36
76.6,1610.3,-7.97,-3.58
76.7,1609.8,-8.02,-3.39
76.8,1609.5,-8.1,-3.35
76.9,1609,-8.04,-3.44
77,1608.5,-8.1,-3.53
77.1,1608.1,-8.06,-3.6
77.2,1607.6,-8.03,-3.5
77.3,1607.1,-8.1,-3.75
77.4,1606.7,-8.05,-3.72
77.5,1606.4,-8.02,-3.7
77.6,1606,-7.97,-3.87
77.7,1605.6,-8.06,-4.01
77.8,1605.2,-8.12,-3.82
77.9,1604.8,-8.02,-3.7
78,1604.5,-8.1,-3.6
78.1,1604.1,-8.17,-3.57
78.2,1603.8,-8.13,-3.5
78.3,1603.4,-8.27,-4.13
78.4,1603.1,-8.13,-3.75
78.5,1602.8,-8.06,-3.51
78.6,1602.5,-8.03,-3.52
78.7,1602.3,-8.09,-3.63
78.8,1602,-8.05,-3.69
78.9,1601.7,-7.87,-3.77
79,1601.5,-8.08,-3.64
79.1,1601.2,-7.98,-3.63
79.2,1600.9,-7.99,-3.59
79.3,1600.6,-7.88,-3.52
79.4,1600.4,,
79.5,1600.2,-7.99,-3.96
79.6,1599.9,-7.88,-3.5
79.7,1599.7,-7.94,-3.51
79.8,1599.5,-8.06,-3.41
79.9,1599.2,-8.03,-3.39
80,1599,-8.08,-3.26
80.1,1598.7,-8.15,-3.69
80.2,1598.5,-8.08,-3.37
80.3,1598.3,-8.11,-3.35
80.4,1598.1,-8.17,-3.35
80.5,1597.9,-8.15,-3.55
80.6,1597.7,-8.16,-3.51
80.7,1597.6,-8.27,-3.64
80.8,1597.3,-8.18,-3.52
80.9,1597.2,-8.08,-3.61
81,1597,-8.04,-3.34
81.1,1596.8,-8.03,-3.55
81.2,1596.6,-7.94,-3.59
81.3,1596.4,-7.98,-3.76
81.4,1596.3,-7.97,-3.46
81.5,1596.2,-8.02,-3.6
81.6,1596,-8.09,-3.57
95.3,1535.1,-7.65,-3.32
95.4,1534.2,-7.69,-3.36
95.5,1533.2,-7.74,-3.36
95.6,1532.1,-7.66,-3.24
95.7,1531.2,-7.49,-3.59
95.8,1530.3,-7.67,-3.26
95.9,1529.4,-7.81,-3.49
96,1528.5,-7.41,-3.17
96.1,1527.8,-7.32,-3.59
96.2,1526.9,-7.3,-3.19
96.3,1526,-7.74,-3.47
96.4,1525.2,-7.59,-3.5
96.5,1524.4,-7.69,-3.37
96.6,1523.6,-8.02,-3.84
96.7,1522.8,-7.6,-3.54
96.8,1521.9,-7.69,-3.31
96.9,1521.1,-7.64,-3.28
97,1520.2,-7.73,-3.36
97.1,1519.4,-7.94,-3.48
97.2,1518.6,-8.03,-3.45
97.3,1517.8,-8.07,-3.48
97.4,1517,-8.31,-3.55
97.5,1516.3,-8.37,-3.62
97.6,1515.7,-8.24,-3.44
97.7,1515,-8.4,-3.62
97.8,1514.3,-8.35,-3.57
97.9,1513.7,-8.1,-3.32
98,1513,-8.22,-3.48
98.1,1512.5,-8.32,-3.57
98.2,1511.9,-8.21,-3.43
98.3,1511.3,-8.3,-3.56
98.4,1510.8,-8.37,-3.68
98.5,1510.3,-8.35,-3.65
98.6,1509.7,-8.41,-3.55
98.7,1509.2,-8.41,-3.6
98.8,1508.7,-8.36,-3.52
98.9,1508.3,-8.39,-3.7
99,1507.9,-8.39,-3.81
99.1,1507.4,-8.47,-3.91
99.2,1507,-8.35,-3.74
99.3,1506.5,-8.42,-3.74
99.4,1506,-8.39,-3.69
99.5,1505.5,-8.39,-3.74
99.6,1505.1,-8.3,-3.75
99.7,1504.6,-8.13,-3.72
99.8,1504.1,-8.14,-3.71
99.9,1503.7,-8.32,-3.93
100,1503.2,-8.05,-3.68
100.1,1502.8,-8.12,-3.55
100.2,1502.3,-8.21,-3.58
100.3,1501.9,-8.16,-3.47
100.4,1501.5,-8.27,-3.49
100.5,1501.1,-8.14,-3.38
100.6,1500.7,-8.16,-3.34
100.7,1500.3,-8.19,-3.4
100.8,1500,-8.24,-3.48
100.9,1499.7,-8.37,-3.5
101,1499.3,-8.38,-3.62
101.1,1499,-8.37,-3.63
101.2,1498.7,-8.29,-3.56
101.3,1498.4,-8.3,-3.74
101.4,1498,-8.42,-3.73
101.5,1497.7,-8.43,-3.67
101.6,1497.4,-8.44,-3.72
101.7,1497.1,-8.41,-3.7
101.8,1496.8,-8.35,-3.63
101.9,1496.5,-8.36,-3.66
102,1496.2,-8.44,-3.77
115.7,1439.2,-8,-3.96
115.8,1438.6,-7.69,-3.8
115.9,1438,-7.92,-3.92
116,1437.5,-7.95,-3.91
116.1,1437,-7.78,-3.6
116.2,1436.5,-8.02,-3.78
116.3,1435.9,-7.94,-3.59
116.4,1435.3,-7.77,-3.48
116.5,1434.8,-8.19,-3.72
116.6,1434.3,-8.11,-3.69
116.7,1433.7,-8.25,-3.76
116.8,1433.2,-7.94,-3.48
116.9,1432.7,-8.35,-3.99
117,1432.2,-7.88,-3.52
117.1,1431.8,-7.62,-3.4
117.2,1431.2,-7.88,-3.6
117.3,1430.7,-7.83,-3.65
117.4,1430.1,-8.05,-3.98
117.5,1429.6,-7.73,-3.57
117.6,1429.1,-8.06,-4.04
117.7,1428.6,-7.82,-3.8
117.8,1428.2,-8.33,-4.44
117.9,1427.8,-8.09,-3.97
118,1427.4,-7.8,-3.7
118.1,1427,-7.88,-3.71
118.2,1426.6,-7.88,-3.62
118.3,1426.2,-7.96,-3.57
118.4,1425.7,-8.03,-3.56
118.5,1425.3,-7.97,-3.54
118.6,1425,-7.92,-3.43
118.7,1424.6,-8.02,-3.5
118.8,1424.2,-7.96,-3.39
118.9,1423.8,-7.96,-3.35
119,1423.4,-8.08,-3.38
119.1,1423,-8.14,-3.45
119.2,1422.6,-8.07,-3.38
119.3,1422.2,-8.06,-3.35
119.4,1421.9,-8.12,-3.38
119.5,1421.7,-8.1,-3.33
119.6,1421.3,-8.11,-3.34
119.7,1421.1,-8.23,-3.38
119.8,1420.9,-8.13,-3.31
119.9,1420.8,-7.92,-3.29
120,1420.7,-8,-3.24
120.1,1420.4,-8.03,-3.27
120.2,1420.2,-8.13,-3.32
120.3,1419.9,-8.18,-3.33
120.4,1419.7,-8.29,-3.4
120.5,1419.4,-8.35,-3.54
120.6,1419.2,-8.32,-3.49
120.7,1419,-8.4,-3.57
120.8,1418.7,-8.32,-3.52
120.9,1418.3,-8.3,-3.47
121,1417.9,-8.36,-3.5
121.1,1417.6,-8.21,-3.45
121.2,1417.2,-8.21,-3.54
121.3,1416.6,-8.08,-3.56
121.4,1416.1,-8.09,-3.7
121.5,1415.2,-7.96,-3.57
121.6,1414.3,-7.84,-3.61
121.7,1413.2,-7.95,-3.7
121.8,1412.1,-7.85,-3.6
121.9,1411.5,-7.83,-3.6
122,1410.7,-7.87,-3.68
122.1,1409.3,-7.95,-3.67
122.2,1408.5,-8.1,-3.84
122.3,1407,-8.12,-3.78
122.4,1405.6,-8.2,-3.81
136.1,1336.3,-7.82,-3.79
136.2,1335.8,-7.72,-3.68
136.3,1335.3,-8.01,-3.71
136.4,1334.8,-7.84,-3.69
136.5,1334.3,-8,-3.83
136.6,1333.8,-7.81,-3.82
136.7,1333.3,-8.11,-3.82
136.8,1332.7,-7.85,-3.71
136.9,1332.2,-7.68,-3.71
137,1331.6,-7.6,-3.54
137.1,1331,-7.69,-3.58
137.2,1330.6,-7.49,-3.59
137.3,1330,-7.75,-3.6
137.4,1329.5,-7.77,-3.98
137.5,1329,-7.74,-3.68
137.6,1328.4,-7.89,-3.67
137.7,1327.9,-7.88,-3.51
137.8,1327.3,-7.9,-3.47
137.9,1326.8,-7.82,-3.44
138,1326.2,-7.88,-3.55
138.1,1325.6,-7.76,-3.45
138.2,1324.9,-7.68,-3.47
138.3,1324.4,-7.65,-3.65
138.4,1323.9,-7.62,-3.71
138.5,1323.4,-7.74,-3.71
138.6,1322.8,-7.66,-3.7
138.7,1322.2,-7.67,-3.58
138.8,1321.7,-7.64,-3.67
138.9,1321.1,-7.69,-4.03
139,1320.5,-7.81,-3.58
139.1,1320,-7.81,-3.73
139.2,1319.5,-7.83,-3.84
139.3,1318.9,-7.94,-3.82
139.4,1318.4,,
139.5,1317.8,-7.23,-4.35
139.6,1317.2,-8.32,-4.05
139.7,1316.6,-8.48,-4.08
139.8,1316.1,-8.31,-4.09
139.9,1315.4,-8.44,-4.15
140,1314.8,-8.67,-4.18
140.1,1314.2,-8.96,-4.23
140.2,1313.5,-9.14,-4.27
140.3,1312.9,-8.97,-4.28
140.4,1312.3,-8.84,-4.2
140.5,1311.6,-9.03,-4.27
140.6,1311,-9.48,-4.27
140.7,1310.4,-9.5,-4.33
140.8,1309.8,-9.25,-4.3
140.9,1309.2,-9.18,-4.29
141,1308.5,-9.28,-4.32
141.1,1307.9,-9.24,-4.29
141.2,1307.3,-9.22,-4.36
141.3,1306.7,-9.31,-4.36
141.4,1306.1,-9.24,-4.33
141.5,1305.5,-9.5,-4.31
141.6,1304.9,-9.63,-4.38
141.7,1304.3,-9.73,-4.41
141.8,1303.6,-9.85,-4.48
141.9,1303,-9.86,-4.47
142,1302.3,-9.83,-4.41
142.1,1301.7,-9.93,-4.43
142.2,1301.1,-9.86,-4.38
142.3,1300.4,-9.96,-4.47
142.4,1299.8,-9.96,-4.52
142.5,1299.1,-10.08,-4.57
142.6,1298.4,-10.04,-4.44
142.7,1297.7,-10.18,-4.46
142.8,1297.1,-10.02,-4.4
156.5,1175.8,-7.81,-4.04
156.6,1175.4,-7.92,-4.13
156.7,1175,-8.13,-4.18
156.8,1174.6,-7.92,-4.04
156.9,1174.2,-7.87,-3.95
157,1173.8,-7.99,-3.9
157.1,1173.4,-7.94,-3.88
157.2,1173,-8.17,-4.06
157.3,1172.6,-8.29,-4.11
157.4,1172.3,-8.6,-4.26
157.5,1171.9,-8.44,-4.24
157.6,1171.6,-8.5,-4.49
157.7,1171.3,-8.42,-4.7
157.8,1171,-8.73,-4.48
157.9,1170.7,-8.66,-4.22
158,1170.4,-8.79,-4.34
158.1,1170,-8.49,-4.12
158.2,1169.7,-8.34,-3.97
158.3,1169.3,-8.16,-3.79
158.4,1169,-7.94,-3.86
158.5,1168.7,-8.32,-4.07
158.6,1168.4,-8.15,-4.04
158.7,1168.1,-8.33,-4.06
158.8,1167.8,-8.15,-3.99
158.9,1167.6,-8.05,-3.85
159,1167.3,-7.83,-3.69
159.1,1167.1,-7.93,-3.6
159.2,1166.8,-7.95,-3.74
159.3,1166.6,-8.01,-3.65
159.4,1166.3,-8.31,-3.6
159.5,1166.1,-8.29,-3.54
159.6,1165.9,-8.23,-3.69
159.7,1165.7,-8.07,-3.81
159.8,1165.5,-8.07,-3.81
159.9,1165.3,-8.07,-3.7
160,1165.1,-8.47,-4.11
160.1,1164.9,-8.28,-4.04
160.2,1164.7,-8.48,-4.01
160.3,1164.5,-9.19,-4.38
160.4,1164.4,-9.14,-3.95
160.5,1164.2,-9.64,-4.1
160.6,1164,-9.66,-3.91
160.7,1163.9,-9.27,-4.18
160.8,1163.6,-9.46,-4.7
160.9,1163.4,-9.32,-4.28
161,1163.2,-8.79,-3.95
161.1,1163,-8.9,-4.01
161.2,1162.8,-9.02,-4.13
161.3,1162.5,-8.57,-4.01
161.4,1162.2,-8.47,-4.08
161.5,1162,-8.46,-3.93
161.6,1161.8,-8.34,-3.92
161.7,1161.5,-8.39,-4.03
161.8,1161.3,-8.47,-3.97
161.9,1161,-8.54,-3.81
162,1160.8,-8.48,-4.16
162.1,1160.7,-8.27,-3.87
162.2,1160.5,-8.24,-3.9
162.3,1160.3,-7.97,-4.09
162.4,1160,-8.01,-4.05
162.5,1159.8,-7.81,-3.96
162.6,1159.6,-7.61,-3.99
162.7,1159.4,-7.5,-3.73
162.8,1159.2,-7.5,-3.96
162.9,1159,-7.6,-3.79
163,1158.8,-7.54,-3.76
163.1,1158.6,-7.72,-3.6
163.2,1158.4,-7.7,-3.87
176.9,1070.6,-4.83,-3.1
177,1069.7,-4.96,-3.15
177.1,1068.9,-4.96,-3.13
177.2,1068.2,-5.1,-3.14
177.3,1067.4,-4.83,-3.02
177.4,1066.6,-4.61,-2.89
177.5,1065.8,-4.66,-2.85
177.6,1065,-4.39,-3.04
177.7,1064.2,-4.18,-3.01
177.8,1063.4,-4.34,-2.99
177.9,1062.5,-4.35,-2.98
178,1061.7,-4.47,-2.81
178.1,1060.9,-4.42,-2.86
178.2,1060.1,-4.55,-2.94
178.3,1059.3,-4.63,-2.88
178.4,1058.5,-5.04,-2.99
178.5,1057.7,-5.14,-3
178.6,1057,-5.75,-2.83
178.7,1056.2,-6.1,-2.86
178.8,1055.4,-6.68,-3.06
178.9,1054.6,-7.03,-3.05
179,1053.7,-7.55,-3.15
179.1,1052.9,-7.37,-3.1
179.2,1052.1,-7.51,-3.07
179.3,1051.4,-7.57,-3.18
179.4,1050.6,-7.55,-3.13
179.5,1049.7,-7.55,-3.12
179.6,1048.9,-7.58,-3.1
179.7,1048,-7.51,-3.28
179.8,1047.2,-7.36,-3.11
179.9,1046.4,-7.25,-3.24
180,1045.6,-7.2,-3.23
180.1,1044.8,-7.06,-3.3
180.2,1044,-6.94,-3.14
180.3,1043.3,-6.63,-3.34
180.4,1042.7,-6.32,-3.23
180.5,1042,-5.91,-3.09
180.6,1041.1,-5.86,-3.12
180.7,1040.2,-5.73,-2.99
180.8,1039.4,-5.58,-3
180.9,1038.5,-5.59,-3.06
181,1037.7,-6.29,-3.27
181.1,1036.9,-5.74,-3.09
181.2,1036.1,-5.53,-3.01
181.3,1035.3,-5.81,-3.08
181.4,1034.5,-6.14,-3.08
181.5,1033.7,-6.23,-3.01
181.6,1033,-6.25,-3.24
181.7,1032.2,-6.34,-3.31
181.8,1031.4,-6.61,-3.18
181.9,1030.7,-6.82,-3.45
182,1030.3,-6.51,-3.22
182.1,1029.5,-6.88,-3.23
182.2,1028.7,-6.72,-3.35
182.3,1028,-6.75,-3.32
182.4,1027.2,-6.84,-3.29
182.5,1026.4,-6.9,-3.48
182.6,1025.7,-6.87,-3.42
182.7,1024.9,-6.86,-3.5
182.8,1024.2,-6.73,-3.35
182.9,1023.6,-6.7,-3.34
183,1022.9,-6.59,-3.36
183.1,1022.2,-6.4,-3.31
183.2,1021.5,-6.26,-3.5
183.3,1020.8,-6,
183.4,1020.1,-6.48,
183.5,1019.5,-6.82,-3.5
183.6,1018.8,-7.2,-3.58
197.3,950.9,-8.46,-4.08
197.4,950.4,-8.44,-4.27
197.5,950,-8.47,-3.87
197.6,949.5,-8.31,-3.77
197.7,949.1,-8.47,-3.9
197.8,948.6,-8.36,-3.94
197.9,948.1,-8.35,-3.75
198,947.7,-8.22,-3.71
198.1,947.3,-8.28,-3.86
198.2,947,-8.18,-3.94
198.3,946.6,-8.36,-4.1
198.4,946.3,-8.15,-3.84
198.5,946,-8.29,-4.06
198.6,945.6,-8.15,-4.08
198.7,945.1,-8.23,-3.9
198.8,944.6,-8.31,-3.96
198.9,944.1,-8.26,-3.96
199,943.6,-8.54,-3.83
199.1,943.1,-8.29,-3.72
199.2,942.7,-8.46,-3.77
199.3,942.4,-8.24,-3.91
199.4,942,-8.45,-4.19
199.5,941.8,-8.1,-4.05
199.6,941.5,-8.2,-4.4
199.7,941.2,-8.04,-4.13
199.8,940.9,-8.02,-4.49
199.9,940.5,-7.97,-4.47
200,940.2,-7.99,-4.53
200.1,939.9,-7.68,-4
200.2,939.3,-8.03,-4.01
200.3,938.1,-7.82,-3.6
200.4,937.7,-7.99,-3.68
200.5,937,-7.66,-3.35
200.6,936.5,-7.93,-3.45
200.7,936,-7.78,-3.19
200.8,935.6,-7.53,-3.08
200.9,935.1,-7.69,-3.33
201,934.2,-7.35,-3.29
201.1,933.7,-7.58,-3.12
201.2,932.9,-7.54,-3.14
201.3,932.5,-7.59,-3.38
201.4,932.2,-7.59,-3.12
201.5,932.1,-7.57,-2.99
201.6,931.5,-7.6,-3.03
201.7,931.2,-7.61,-3.58
201.8,930.5,-7.43,-3.11
201.9,930.1,-6.91,-3.17
202,929.9,-6.58,-3.01
202.1,929.5,-7.37,-3.62
202.2,929.1,-7.31,-3.46
202.3,928.8,-7.61,-3.82
202.4,928.5,-7.55,-3.78
202.5,928.1,-7.7,-3.83
202.6,927.6,-7.64,-3.92
202.7,927.2,-7.9,-3.79
202.8,926.9,-7.79,-3.78
202.9,926.6,-8.03,-3.81
203,926.2,-7.79,-3.72
203.1,925.9,-7.98,-3.95
203.2,925.6,-7.7,-3.95
203.3,925.3,-7.86,-4.04
203.4,924.9,-7.77,-3.98
203.5,924.4,,
203.6,924.2,,
203.7,923.8,,
203.8,923.4,,
203.9,923,,
204,922.8,,
217.7,807.6,-8.46,-3.86
217.8,807.5,-8.8,-3.82
217.9,807.3,-8.56,-3.65
218,807,-8.52,-3.85
218.1,806.8,-8.08,-3.66
218.2,806.5,-8.13,-3.51
218.3,806.4,-8.07,-3.54
218.4,806.1,-8.02,-3.64
218.5,805.9,-8.17,-3.65
218.6,805.6,-8.34,-3.76
218.7,805.4,-8.46,-3.95
218.8,805.3,-8.43,-3.93
218.9,805.1,-8.89,-4.07
219,804.9,-8.84,-4
219.1,804.7,-8.98,-4.12
219.2,804.6,-8.64,-3.63
219.3,804.5,-8.67,-3.68
219.4,804.4,-8.55,-3.91
219.5,804.1,-8.82,-3.85
219.6,803.9,-8.45,-3.65
219.7,803.7,-9.02,-4.11
219.8,803.5,-8.53,-3.77
219.9,803.3,-8.77,-3.98
220,803,-8.85,-3.98
220.1,802.8,-8.56,-3.87
220.2,802.7,-8.47,-3.74
220.3,802.5,-8.39,-3.78
220.4,802.3,-8.36,-3.63
220.5,802.2,-8.08,-3.53
220.6,801.8,-8.08,-3.65
220.7,801.5,-8.19,-3.85
220.8,801.3,-8.07,-3.93
220.9,801.1,-8.13,-3.86
221,801,-8.23,-3.65
221.1,800.9,-8.33,-3.78
221.2,800.7,-8.26,-3.79
221.3,800.5,-8.5,-3.89
221.4,800.3,-8.21,-3.82
221.5,800.1,-8.39,-4
221.6,799.8,-8.2,-4.04
221.7,799.7,-8.36,-3.85
221.8,799.5,-8.11,-3.61
221.9,799.2,-8.34,-3.86
222,798.9,-8.13,-3.73
222.1,798.7,-8.33,-4.02
222.2,798.6,-8.37,-3.81
222.3,798.5,-8.22,-3.79
222.4,798.3,-8.27,-3.71
222.5,798.1,-8.12,-3.48
222.6,797.9,-8.24,-3.7
222.7,797.3,-7.96,-3.76
222.8,797.2,-8.09,-3.72
222.9,797.2,-8.07,-3.74
223,796.9,-8.06,-3.64
223.1,796.5,-8.09,-3.55
223.2,796.3,-8.03,-3.52
223.3,796,-8.11,-3.47
223.4,795.7,-8.05,-3.48
223.5,795.5,-8.28,-3.8
223.6,795.2,-8.19,-3.48
223.7,794.9,-8.2,-3.57
223.8,794.7,-8.19,-3.49
223.9,794.4,-8.06,-3.63
224,794.1,-8.08,-3.52
224.1,793.9,-8.23,-3.84
224.2,793.8,-8.02,-3.7
224.3,793.5,-8.08,-3.87
224.4,793.4,-7.94,-3.73
238.1,730.6,-8.51,-3.43
238.2,730.1,-8.53,-3.62
238.3,729.6,-8.44,-3.75
238.4,729.1,-8.12,-3.72
238.5,728.7,-7.83,-3.64
238.6,728.3,-7.97,-3.66
238.7,727.9,-8.19,-3.7
238.8,727.4,-8,-3.7
238.9,727,-8.26,-3.81
239,726.5,-8.42,-4.01
239.1,726,-8.44,-3.97
239.2,725.5,-8.44,-4.07
239.3,725,-8.36,-4.11
239.4,724.6,-8.56,-4.2
239.5,724.1,-8.46,-4.13
239.6,723.7,-8.34,-3.94
239.7,723.3,-8.4,-4.05
239.8,722.9,-8.65,-4.06
239.9,722.4,-8.61,-4.13
240,721.8,-8.63,-4.14
240.1,721.3,-8.54,-4
240.2,720.9,-8.49,-4.05
240.3,720.5,-8.35,-3.81
240.4,720.1,-8.6,-3.99
240.5,719.6,-8.39,-3.82
240.6,719.2,-8.55,-3.88
240.7,718.8,-8.55,-3.74
240.8,718.3,-8.7,-3.83
240.9,718,-8.71,-3.77
241,717.5,-8.64,-3.73
241.1,717.1,-8.7,-3.94
241.2,716.6,-8.63,-3.91
241.3,716.2,-8.61,-3.95
241.4,715.7,-8.4,-3.86
241.5,715.2,-8.63,-4.06
241.6,714.9,-8.49,-3.93
241.7,714.7,-8.42,-3.83
241.8,714.3,-8.34,-3.82
241.9,713.9,-8.32,-3.81
242,713.6,-8,-3.66
242.1,713.4,-8.25,-3.71
242.2,712.9,-8.18,-3.74
242.3,712.4,-8.21,-3.71
242.4,712.1,-8.17,-3.69
242.5,711.8,-8.27,-3.81
242.6,711.4,-8.05,-3.8
242.7,710.8,-7.72,-3.73
242.8,710.3,-7.43,-3.82
242.9,709.9,-7.13,-3.72
243,709.7,-7.05,-3.71
243.1,709.3,-7.07,-3.57
243.2,709,-7.15,-3.52
243.3,708.5,-7.13,-3.9
243.4,708.1,-7.58,-3.77
243.5,707.9,-7.75,-3.81
243.6,707.5,-7.96,-3.92
243.7,707.1,-8.12,-4.1
243.8,706.9,-8.46,-4.27
243.9,706.6,-8.4,-4.22
244,706.4,-8.75,-4.49
244.1,706.1,-8.74,-4.54
244.2,705.8,-8.77,-4.37
244.3,705.6,-8.84,-4.5
244.4,705.3,-8.93,-4.5
244.5,705.1,-9.17,-4.64
244.6,704.9,-9.05,-4.36
244.7,704.7,-8.97,-4.38
244.8,704.5,-9.22,-4.52
258.5,644.8,-8.99,-4.48
258.6,644.5,-8.61,-4.54
258.7,644.1,-8.47,-4.31
258.8,643.7,-8.46,-4.21
258.9,643.4,-8.61,-4.35
259,643,-8.21,-4.13
259.1,642.7,-8.13,-4
259.2,642.3,-8.19,-4.12
259.3,641.9,-8.23,-4
259.4,641.6,-8.18,-4.06
259.5,641.2,-8.21,-3.92
259.6,640.8,-8.37,-4.31
259.7,640.4,-8.34,-4.11
259.8,640,-8.35,-4.19
259.9,639.6,-8.47,-4.31
260,639.2,-8.59,-4.36
260.1,638.8,-8.6,-4.15
260.2,638.3,-8.74,-4.39
260.3,637.9,-8.77,-4.22
260.4,637.4,-8.81,-4.31
260.5,637,-8.97,-4.33
260.6,636.5,-8.97,-4.19
260.7,636.1,-8.72,-3.91
260.8,635.7,-8.88,-4.04
260.9,635.3,-9.21,-4.12
261,634.9,-9.25,-4.07
261.1,634.5,-9.19,-4.01
261.2,634.1,-9.36,-4.08
261.3,633.7,-9.46,-4.06
261.4,633.3,-9.64,-4.26
261.5,632.9,-9.71,-4.19
261.6,632.5,-9.66,-4.21
261.7,632.1,-9.74,-4.22
261.8,631.7,-9.77,-4.16
261.9,631.4,-9.97,-4.52
262,631,-10.13,-4.52
262.1,630.6,-10.01,-4.56
262.2,630.2,-9.88,-4.58
262.3,629.9,-9.49,-4.6
262.4,629.5,-9.62,-4.77
262.5,629.1,-9.3,-4.77
262.6,628.7,-9.37,-4.81
262.7,628.3,-9.31,-4.75
262.8,627.9,-9.36,-4.87
262.9,627.4,-9.43,-4.71
263,627,-9.54,-4.81
263.1,626.6,-9.56,-4.67
263.2,626.2,-9.61,-4.51
263.3,625.9,-9.35,-4.3
263.4,625.5,-9.57,-4.3
263.5,625.1,-9.74,-4.29
263.6,624.7,-9.69,-4.15
263.7,624.3,-9.79,-4.28
263.8,624,-9.88,-4.3
263.9,623.7,-10.14,-4.52
264,623.3,-9.98,-4.39
264.1,622.9,-10.03,-4.63
264.2,622.5,-9.97,-4.57
264.3,622,-9.98,-4.67
264.4,621.6,-10.11,-4.76
264.5,621.2,-9.7,-4.63
264.6,620.8,-9.96,-4.84
264.7,620.4,-9.8,-4.62
264.8,620,-9.6,-4.56
264.9,619.6,-9.69,-4.73
265,619.2,-9.56,-4.79
265.1,618.9,-9.61,-4.63
265.2,618.6,-9.1,-4.54
278.9,546.3,-9.95,-3.9
279,545.5,-10.27,-4.02
279.1,544.7,-10.29,-3.81
279.2,544.1,-10.33,-4.02
279.3,543.4,-9.95,-4
279.4,542.7,-9.93,-3.86
279.5,541.9,-10.35,-3.9
279.6,541,-10.41,-3.98
279.7,540.2,-10.21,-4.1
279.8,539.3,-10.49,-4.19
279.9,538.4,-10.61,-4.27
280,537.6,-10.48,-4.17
280.1,536.7,-10.44,-4.16
280.2,535.8,-10.41,-4.06
280.3,535,-10.34,-4.08
280.4,534.1,-10.23,-4.03
280.5,533.3,-10.05,-4.09
280.6,532.5,-10.05,-4.03
280.7,531.6,-10.03,-4.11
280.8,530.8,-10,-4
280.9,530,-9.92,-4.06
281,529.2,-9.91,-4.13
281.1,528.4,-9.99,-4.22
281.2,527.5,-10,-4.19
281.3,526.7,-9.8,-4.09
281.4,525.9,-9.76,-4.11
281.5,525.1,-9.86,-4.14
281.6,524.3,-9.8,-4.15
281.7,523.5,-9.64,-4.18
281.8,522.7,-9.86,-4.14
281.9,521.9,-9.42,-4.04
282,521.1,-9.53,-4.07
282.1,520.3,-9.9,-4.18
282.2,519.5,-9.68,-4.05
282.3,518.6,-10.11,-4.13
282.4,517.7,-10.39,-4.29
282.5,516.9,-9.9,-4.03
282.6,516.1,-9.93,-3.89
282.7,515.3,-9.99,-4.08
282.8,514.4,-9.96,-4.23
282.9,513.6,-10.17,-4.29
283,512.8,-10.23,-4.32
283.1,511.9,-10.38,-4.44
283.2,511.2,-10.44,-4.57
283.3,510.4,-10.55,-4.56
283.4,509.5,-10.08,-4.25
283.5,508.7,-9.71,-4.32
283.6,507.9,-9.71,-4.41
283.7,507.1,-9.61,-4.1
283.8,506.2,-9.51,-4.1
283.9,505.4,-9.69,-4.15
284,504.7,-9.65,-4.04
284.1,503.9,-9.43,-3.89
284.2,503,-9.6,-3.93
284.3,502.2,-9.57,-3.82
284.4,501.5,-9.52,-3.93
284.5,500.7,-9.67,-4.15
284.6,500,-9.49,-3.89
284.7,499.2,-9.3,-3.91
284.8,498.4,-9.46,-3.57
284.9,497.6,-9.38,-3.53
285,496.8,-9.3,-3.58
285.1,496,-9.47,-3.79
285.2,495.2,-9.53,-3.73
285.3,494.5,-9.38,-3.75
285.4,493.7,-9.57,-4.06
285.5,493,-9.46,-3.86
285.6,492.3,-9.45,-3.96
299.3,439.5,-8.49,-3.96
299.4,439.4,-8.54,-4
299.5,439.3,-8.61,-4.11
299.6,439.2,-8.39,-4.04
299.7,439.1,-8.47,-4.03
299.8,438.9,-8.12,-4
299.9,438.8,-8.15,-3.87
300,438.7,-8.28,-3.91
300.1,438.6,-8.46,-3.77
300.2,438.5,-8.54,-3.8
300.3,438.4,-8.65,-3.79
300.4,438.3,-8.62,-3.73
300.5,438.2,-8.67,-3.77
300.6,438.1,-8.6,-3.71
300.7,438,-8.66,-3.64
300.8,437.9,-8.55,-3.7
300.9,437.7,-8.77,-3.8
301,437.6,-8.65,-3.82
301.1,437.5,-8.57,-3.78
301.2,437.4,-8.73,-3.92
301.3,437.3,-8.67,-4.13
301.4,437.2,-8.63,-4.15
301.5,437,-8.57,-4.04
301.6,436.9,-8.66,-4.02
301.7,436.8,-8.7,-3.96
301.8,436.7,-8.67,-3.91
301.9,436.6,-8.69,-3.87
302,436.5,-8.64,-3.96
302.1,436.3,-8.68,-3.97
302.2,436.2,-8.59,-4
302.3,436.1,-8.32,-3.81
302.4,436,-8.35,-3.96
302.5,435.9,-8.28,-3.98
302.6,435.8,-8.06,-3.79
302.7,435.7,-8.19,-3.71
302.8,435.6,-8.21,-3.71
302.9,435.5,-8.01,-3.78
303,435.4,-7.76,-3.48
303.1,435.3,-7.85,-3.57
303.2,435.2,-7.75,-3.42
303.3,435.1,-7.66,-3.36
303.4,434.9,-7.77,-3.45
303.5,434.8,-7.75,-3.5
303.6,434.8,-8.11,-3.63
303.7,434.7,-8.2,-3.92
303.8,434.6,-8.37,-3.74
303.9,434.5,-8.54,-3.89
304,434.4,-8.53,-4.01
304.1,434.2,-8.61,-3.85
304.2,434.1,-8.78,-3.83
304.3,433.9,-8.84,-3.88
304.4,433.7,-8.65,-3.9
304.5,433.7,-8.94,-4.01
304.6,433.7,-8.88,-3.79
304.7,433.6,-8.78,-3.74
304.8,433.5,-8.91,-3.67
304.9,433.5,-9.06,-4.33
305,433.5,-8.66,-3.52
305.1,433.4,-8.56,-3.58
305.2,433.3,-8.37,-3.78
305.3,433.2,-8.25,-3.55
305.4,433.1,-8.26,-3.59
305.5,432.9,-8.17,-3.46
305.6,432.7,-8.23,-3.59
305.7,432.6,-8.11,-3.61
305.8,432.5,-8.41,-3.58
305.9,432.5,-8.46,-3.61
306,432.5,-8.54,-3.68
319.7,380.5,-8.48,-3.44
319.8,379.9,,
319.9,379.4,-8.2,-3.87
320,378.9,-8.31,-4.18
320.1,378.3,-8.23,-4.26
320.2,377.7,-8.38,-3.93
320.3,377,-8.24,-3.9
320.4,376.5,-8.26,-3.71
320.5,375.9,-8.24,-3.92
320.6,375.3,-8.14,-3.76
320.7,374.7,-8.22,-3.59
320.8,374.1,-8.13,-3.53
320.9,373.6,-8.32,-3.66
321,373,-8.03,-3.42
321.1,372.4,-7.85,-3.51
321.2,371.9,-8,-3.43
321.3,371.3,-7.92,-3.57
321.4,370.8,-7.91,-3.64
321.5,370.4,-8.12,-3.62
321.6,369.8,-8.28,-3.39
321.7,369.4,-8.05,-3.68
321.8,369,-7.87,-3.49
321.9,368.5,-7.92,-3.89
322,368.1,-8.06,-4.36
322.1,367.6,-8.02,-3.79
322.2,367.1,-8.15,-3.49
322.3,366.7,-8.15,-3.46
322.4,366.2,-8.21,-3.6
322.5,365.6,-8.19,-3.49
322.6,365.2,-8.4,-3.71
322.7,364.7,-8.05,-3.85
322.8,364.5,-8.46,-3.63
322.9,364.1,-8,-3.34
323,363.6,-8.07,-3.55
323.1,363.2,-8.09,-3.56
323.2,362.8,-8.46,-3.78
323.3,362.5,-8.36,-3.8
323.4,362.2,-7.94,-3.87
323.5,361.9,-8.37,-3.78
323.6,361.4,,
323.7,361,,
323.8,360.6,,
323.9,360.3,,
324,360.1,,
324.1,359.8,,
324.2,359.3,,
324.3,358.8,,
324.4,358.5,,
324.5,358.1,-7.89,-4.4
324.6,357.7,-7.95,-4.14
324.7,357.3,-7.89,-3.8
324.8,356.8,-7.99,-3.64
324.9,356.4,,
325,355.9,-8.36,-3.67
325.1,355.6,-7.93,-3.61
325.2,355.3,-7.92,-3.71
325.3,354.9,-7.8,-3.48
325.4,354.6,-7.96,-3.79
325.5,354.2,-7.93,-3.39
325.6,353.8,-7.75,-4.25
325.7,353.5,-7.94,-3.86
325.8,353.1,,
325.9,352.6,-7.92,-4.63
326,352.3,,
326.1,352.1,-8.22,-4.13
326.2,351.7,-8.08,-3.7
326.3,351.3,-7.96,-3.85
326.4,351,-7.96,-3.57
340.1,266.9,-7.78,-3.47
340.2,266.3,-7.66,-3.3
340.3,265.7,-7.68,-3.38
340.4,265.1,-7.67,-3.36
340.5,264.6,-7.85,-3.29
340.6,264.1,-7.71,-3.2
340.7,263.6,-7.6,-3.18
340.8,263.2,-7.52,-3.26
340.9,262.7,-7.58,-3.58
341,262.2,-7.49,-3.3
341.1,261.7,-7.33,-3.2
341.2,261.3,-7.4,-3.36
341.3,260.7,-7.23,-3.28
341.4,260.2,-7.31,-3.17
341.5,259.6,-7.22,-3.21
341.6,259,-7.38,-3.33
341.7,258.4,-7.29,-3.21
341.8,257.7,-7.29,-3.15
341.9,257,-7.39,-3.22
342,256.3,-7.58,-3.33
342.1,255.6,-7.61,-3.42
342.2,254.9,-7.65,-3.4
342.3,254.2,-7.65,-3.38
342.4,253.5,-7.85,-3.53
342.5,252.8,-7.97,-3.45
342.6,252.1,-7.88,-3.38
342.7,251.4,-7.91,-3.32
342.8,250.7,-7.89,-3.34
342.9,250,-7.97,-3.38
343,249.3,-7.98,-3.58
343.1,248.7,-8.13,-3.53
343.2,248.2,-8.26,-3.6
343.3,247.6,-8.12,-3.63
343.4,247,-8.19,-3.68
343.5,246.4,-8.24,-3.67
343.6,245.8,-8.21,-3.48
343.7,245.2,-8.35,-3.6
343.8,244.6,-8.41,-3.53
343.9,244,-8.22,-3.52
344,243.3,-8.4,-3.67
344.1,242.6,-8.44,-3.64
344.2,242.1,-8.52,-3.43
344.3,241.7,-8.52,-3.66
344.4,241.4,-8.31,-3.58
344.5,240.8,-8.22,-3.35
344.6,240.2,-8.28,-3.25
344.7,239.5,-8.35,-3.41
344.8,238.8,-8.19,-3.25
344.9,238.1,-7.98,-3.35
345,237.4,-7.71,-3.46
345.1,236.6,-7.62,-3.44
345.2,235.9,-7.48,-3.59
345.3,235.3,-7.38,-3.27
345.4,234.8,-7.52,-3.45
345.5,234.3,-7.72,-3.52
345.6,233.7,-7.67,-3.39
345.7,233.1,-7.72,-3.35
345.8,232.4,-7.85,-3.35
345.9,231.8,-8.2,-3.51
346,231,-8.07,-3.31
346.1,230.2,-7.96,-3.5
346.2,229.4,-8.12,-3.58
346.3,228.8,-8.07,-3.47
346.4,228.2,-8.04,-3.58
346.5,227.7,-7.95,-3.55
346.6,227.1,-8.01,-3.49
346.7,226.4,-7.85,-3.4
346.8,225.8,-7.69,-3.37
360.5,168.3,-7.62,-3.65
360.6,168,-7.57,-3.66
360.7,167.8,-7.71,-3.72
360.8,167.7,-7.67,-3.66
360.9,167.5,-7.7,-3.67
361,167.3,-7.59,-3.65
361.1,167.1,-7.64,-3.57
361.2,166.8,-7.72,-3.67
361.3,166.7,-7.64,-3.65
361.4,166.5,-7.68,-3.65
361.5,166.3,-7.7,-3.71
361.6,166,-7.64,-3.6
361.7,165.7,-7.89,-3.74
361.8,165.4,-7.72,-3.63
361.9,165.1,-7.83,-3.67
362,164.8,-7.8,-3.71
362.1,164.5,-8.01,-3.62
362.2,164.3,-8.06,-3.69
362.3,164.1,-8.02,-3.69
362.4,163.9,-8.15,-3.64
362.5,163.7,-8.17,-3.5
362.6,163.4,-8.11,-3.51
362.7,163.1,-8.15,-3.54
362.8,162.9,-8.19,-3.56
362.9,162.6,-8.06,-3.45
363,162.5,-8.03,-3.4
363.1,162.3,-7.95,-3.55
363.2,162.1,-7.96,-3.48
363.3,161.9,-7.93,-3.53
363.4,161.8,-7.9,-3.56
363.5,161.7,-7.86,-3.7
363.6,161.6,-7.85,-3.66
363.7,161.4,-7.77,-3.73
363.8,161.2,-7.87,-3.82
363.9,160.9,-7.71,-3.76
364,160.7,-7.75,-3.83
364.1,160.5,-7.82,-3.68
364.2,160.2,-7.74,-3.79
364.3,160.1,-8.02,-3.71
364.4,160.1,-8.01,-3.74
364.5,160,-7.96,-3.81
364.6,159.9,-8.07,-3.61
364.7,159.7,-8.09,-3.59
364.8,159.6,-8.04,-3.67
364.9,159.4,-8.06,-3.57
365,159.1,-8,-3.89
365.1,158.6,-8.01,-3.71
365.2,158.1,-7.96,-3.7
365.3,157.9,-8.01,-3.85
365.4,157.7,-8.04,-3.97
365.5,157.5,-8.04,-3.71
365.6,157.4,,
365.7,156.9,,
365.8,156.5,,
365.9,156.3,,
366,156.2,-8.19,-3.97
366.1,155.7,,
366.2,155.2,,
366.3,154.7,,
366.4,154.2,,
366.5,153.8,,
366.6,153.3,,
366.7,152.9,,
366.8,152.5,,
366.9,152.1,,
367,151.6,,
367.1,151.2,,
367.2,150.8,-7.79,-3.57
380.9,79.7,-8.27,-3.7
381,79.3,-8.33,-4.05
381.1,78.9,-8.23,-3.77
381.2,78.5,-8.15,-3.83
381.3,78.1,-8.19,-3.9
381.4,77.8,-8.19,-3.71
381.5,77.4,-8.33,-4
381.6,77,-8.17,-3.91
381.7,76.6,-8.41,-4.11
381.8,76.2,,
381.9,75.8,-8.29,-3.9
382,75.5,-8.35,-3.99
382.1,75.2,-8.29,-3.78
382.2,74.8,-8.24,-3.72
382.3,74.5,,
382.4,74.2,-8.36,-3.88
382.5,73.8,-8.2,-3.61
382.6,73.4,-8.36,-4.04
382.7,73,-8.52,-4.14
382.8,72.7,-8.47,-4.33
382.9,72.3,-8.32,-3.77
383,72,-8.55,-4.07
383.1,71.6,-8.34,-3.94
383.2,71.3,-8.33,-3.76
383.3,70.9,-8.37,-3.86
383.4,70.5,-8.3,-3.8
383.5,70.2,-8.44,-4.06
383.6,69.9,-8.55,-3.95
383.7,69.6,-8.26,-3.61
383.8,69.4,-8.23,-3.68
383.9,69,-8.43,-4.03
384,68.6,-8.36,-4.04
384.1,68.1,-8.12,-3.58
384.2,67.7,-8.26,-3.85
384.3,67.3,-8.34,-3.81
384.4,66.9,-8.35,-3.65
384.5,66.4,-8.72,-4.13
384.6,66,-8.6,-3.87
384.7,65.6,-8.4,-3.79
384.8,65.2,-8.37,-3.74
384.9,64.7,-8.4,-3.64
385,64.2,-8.31,-4.17
385.1,63.8,-8.61,-4.21
385.2,63.3,-8.48,-3.91
385.3,62.9,-8.51,-3.76
385.4,62.4,-8.74,-3.86
385.5,62,-8.47,-3.7
385.6,61.5,-8.48,-3.75
385.7,61,-8.84,-3.84
385.8,60.6,-8.77,-3.92
385.9,60.1,-8.73,-3.8
386,59.6,-8.79,-3.79
386.1,59.2,-8.74,-3.76
386.2,58.7,-8.74,-3.7
386.3,58.3,-8.63,-3.73
386.4,57.9,-8.5,-3.68
386.5,57.6,-8.61,-3.69
386.6,57.2,-8.66,-3.69
386.7,56.9,-8.78,-3.73
386.8,56.6,-8.71,-3.69
386.9,56.2,-8.69,-3.68
387,55.9,-8.73,-3.72
387.1,55.6,-8.71,-3.74
387.2,55.2,-8.66,-3.71
387.3,54.9,-8.58,-3.78
387.4,54.6,-8.61,-3.74
387.5,54.1,-8.63,-3.84
387.6,53.7,-8.57,-3.76
401.3,2.2,-10.02,-4.11
401.4,1.9,-9.79,-4.34
401.5,1.7,-9.77,-3.95
401.6,1.5,-9.91,-3.98
401.7,1.4,-9.71,-3.89
401.8,1.2,-9.76,-3.94
401.9,1,-9.65,-3.92
402,0.7,-9.73,-3.94
402.1,0.5,-9.53,-4.29
402.2,0.3,-9.35,-4.04
402.3,-0.1,-9.53,-3.82
402.4,-0.4,-9.51,-3.78
402.5,-0.5,-9.19,-3.71
402.6,-0.7,-8.88,-3.95
402.7,-0.9,-9,-3.73
402.8,-1.2,-8.86,-4.16
402.9,-1.6,-8.9,-3.8
403,-1.9,-8.63,-4.2
403.1,-2.2,-8.78,-4.34
403.2,-2.5,-8.84,-4.05
403.3,-2.8,-8.8,-4.01
403.4,-3,-9.13,-3.91
403.5,-3.2,-9.07,-3.87
403.6,-3.3,-8.98,-4.07
403.7,-3.5,-8.98,-4.46
403.8,-3.6,-8.88,-4.31
403.9,-3.8,-8.78,-3.93
404,-3.9,-9.11,-3.96
404.1,-4.4,-8.8,-4.27
404.2,-5,-8.98,-3.98
404.3,-5.5,-9.1,-3.81
404.4,-5.7,-8.99,-4.13
404.5,-6,-9.07,-3.93
404.6,-6.2,-9.08,-4.07
404.7,-6.4,-9.2,-3.92
404.8,-6.7,-9.51,-3.87
404.9,-6.9,-9.1,-3.86
405,-7.2,-9.24,-3.98
405.1,-7.6,-9.23,-3.99
405.2,-7.8,-9.32,-3.99
405.3,-8,-9.09,-4
405.4,-8.2,-9.22,-4
405.5,-8.6,-9.24,-4
405.6,-8.8,-9.2,-3.9
405.7,-9,-9.16,-4.12
405.8,-9.1,-9.01,-3.9
405.9,-9.2,-8.94,-3.8
406,-9.5,-8.95,-3.75
406.1,-9.7,-8.96,-3.85
406.2,-10,-9.11,-3.89
406.3,-10.3,-8.71,-3.68
406.4,-10.5,-8.61,-3.54
406.5,-10.6,-8.54,-3.61
406.6,-10.9,-8.48,-3.46
406.7,-11.1,-8.28,-3.45
406.8,-11.5,-8.25,-3.51
406.9,-12,-8.24,-3.48
407,-12.3,-8.29,-3.54
407.1,-12.5,-8.22,-3.43
407.2,-12.7,-8.13,-3.45
407.3,-13,-8.33,-3.52
407.4,-13.3,-7.93,-3.49
407.5,-13.6,-7.8,-3.49
407.6,-14,-7.64,-3.53
407.7,-14.3,-7.51,-3.5
407.8,-14.6,-7.3,-3.56
407.9,-14.8,-7.48,-3.53
408,-15,-7.55,-3.57
412.5,-29.4,-9.14,-3.76
412.6,-29.8,-8.83,-3.59
412.7,-30.2,-8.88,-3.59
412.8,-30.6,-8.88,-3.66
412.9,-31,-8.94,-3.76
413,-31.3,-8.97,-4
413.1,-31.7,-8.89,-3.84
413.2,-32.2,-8.75,-3.68
413.3,-32.7,-8.78,-3.71
413.4,-33.1,-8.82,-3.97
413.5,-33.5,-8.74,-3.7
413.6,-33.9,-8.99,-4.07
413.7,-34.4,-8.91,-3.97
413.8,-34.8,-8.83,-3.81
413.9,-35.2,-8.84,-3.73
414,-35.7,-8.92,-3.9
414.1,-36.2,-8.86,-3.76
414.2,-36.7,-9.02,-3.85
414.3,-37.2,-8.83,-3.56
414.4,-37.7,-8.67,-3.51
414.5,-38.2,-8.76,-3.51
414.6,-38.7,-8.54,-3.57
